season_code,season,league,rank,team,played,points,gf,ga,gd,wins,draws,losses
0809,2008/2009,Bundesliga,1,Wolfsburg,34,69,80,41,39,21,6,7
0809,2008/2009,Bundesliga,2,Bayern Munich,34,67,71,42,29,20,7,7
0809,2008/2009,Bundesliga,3,Stuttgart,34,64,63,43,20,19,7,8
0809,2008/2009,Bundesliga,4,Hertha,34,63,48,41,7,19,6,9
0809,2008/2009,Bundesliga,5,Hamburg,34,61,49,47,2,19,4,11
0809,2008/2009,Bundesliga,6,Dortmund,34,59,60,37,23,15,14,5
0809,2008/2009,Bundesliga,7,Hoffenheim,34,55,63,49,14,15,10,9
0809,2008/2009,Bundesliga,8,Schalke 04,34,50,47,35,12,14,8,12
0809,2008/2009,Bundesliga,9,Leverkusen,34,49,59,46,13,14,7,13
0809,2008/2009,Bundesliga,10,Werder Bremen,34,45,64,50,14,12,9,13
0809,2008/2009,Bundesliga,11,Hannover,34,40,49,69,-20,10,10,14
0809,2008/2009,Bundesliga,12,FC Koln,34,39,35,50,-15,11,6,17
0809,2008/2009,Bundesliga,13,Ein Frankfurt,34,33,39,60,-21,8,9,17
0809,2008/2009,Bundesliga,14,Bochum,34,32,39,55,-16,7,11,16
0809,2008/2009,Bundesliga,15,M'gladbach,34,31,39,62,-23,8,7,19
0809,2008/2009,Bundesliga,16,Cottbus,34,30,30,57,-27,8,6,20
0809,2008/2009,Bundesliga,17,Karlsruhe,34,29,30,54,-24,8,5,21
0809,2008/2009,Bundesliga,18,Bielefeld,34,28,29,56,-27,4,16,14
0809,2008/2009,La Liga,1,Barcelona,38,87,105,35,70,27,6,5
0809,2008/2009,La Liga,2,Real Madrid,38,78,83,52,31,25,3,10
0809,2008/2009,La Liga,3,Sevilla,38,70,54,39,15,21,7,10
0809,2008/2009,La Liga,4,Ath Madrid,38,67,80,57,23,20,7,11
0809,2008/2009,La Liga,5,Villarreal,38,65,61,54,7,18,11,9
0809,2008/2009,La Liga,6,Valencia,38,62,68,54,14,18,8,12
0809,2008/2009,La Liga,7,La Coruna,38,58,48,47,1,16,10,12
0809,2008/2009,La Liga,8,Malaga,38,55,55,59,-4,15,10,13
0809,2008/2009,La Liga,9,Mallorca,38,51,53,60,-7,14,9,15
0809,2008/2009,La Liga,10,Espanol,38,47,46,49,-3,12,11,15
0809,2008/2009,La Liga,11,Santander,38,46,49,48,1,12,10,16
0809,2008/2009,La Liga,12,Almeria,38,46,45,61,-16,13,7,18
0809,2008/2009,La Liga,13,Ath Bilbao,38,44,47,62,-15,12,8,18
0809,2008/2009,La Liga,14,Osasuna,38,43,41,47,-6,10,13,15
0809,2008/2009,La Liga,15,Valladolid,38,43,46,58,-12,12,7,19
0809,2008/2009,La Liga,16,Sp Gijon,38,43,47,79,-32,14,1,23
0809,2008/2009,La Liga,17,Getafe,38,42,50,56,-6,10,12,16
0809,2008/2009,La Liga,18,Betis,38,42,51,58,-7,10,12,16
0809,2008/2009,La Liga,19,Numancia,38,35,38,69,-31,10,5,23
0809,2008/2009,La Liga,20,Recreativo,38,33,34,57,-23,8,9,21
0809,2008/2009,Ligue 1,1,Bordeaux,38,80,64,34,30,24,8,6
0809,2008/2009,Ligue 1,2,Marseille,38,77,67,35,32,22,11,5
0809,2008/2009,Ligue 1,3,Lyon,38,71,52,29,23,20,11,7
0809,2008/2009,Ligue 1,4,Toulouse,38,64,45,27,18,16,16,6
0809,2008/2009,Ligue 1,5,Lille,38,64,51,39,12,17,13,8
0809,2008/2009,Ligue 1,6,Paris SG,38,64,49,38,11,19,7,12
0809,2008/2009,Ligue 1,7,Rennes,38,61,42,34,8,15,16,7
0809,2008/2009,Ligue 1,8,Auxerre,38,55,35,35,0,16,7,15
0809,2008/2009,Ligue 1,9,Nice,38,50,40,41,-1,13,11,14
0809,2008/2009,Ligue 1,10,Lorient,38,45,47,47,0,10,15,13
0809,2008/2009,Ligue 1,11,Monaco,38,45,41,45,-4,11,12,15
0809,2008/2009,Ligue 1,12,Valenciennes,38,44,35,42,-7,10,14,14
0809,2008/2009,Ligue 1,13,Grenoble,38,44,24,37,-13,10,14,14
0809,2008/2009,Ligue 1,14,Sochaux,38,42,40,48,-8,10,12,16
0809,2008/2009,Ligue 1,15,Nancy,38,42,38,47,-9,10,12,16
0809,2008/2009,Ligue 1,16,Le Mans,38,40,43,54,-11,10,10,18
0809,2008/2009,Ligue 1,17,St Etienne,38,40,40,56,-16,11,7,20
0809,2008/2009,Ligue 1,18,Caen,38,37,42,49,-7,8,13,17
0809,2008/2009,Ligue 1,19,Nantes,38,37,33,54,-21,9,10,19
0809,2008/2009,Ligue 1,20,Le Havre,38,26,30,67,-37,7,5,26
0809,2008/2009,Premier League,1,Man United,38,90,68,24,44,28,6,4
0809,2008/2009,Premier League,2,Liverpool,38,86,77,27,50,25,11,2
0809,2008/2009,Premier League,3,Chelsea,38,83,68,24,44,25,8,5
0809,2008/2009,Premier League,4,Arsenal,38,72,68,37,31,20,12,6
0809,2008/2009,Premier League,5,Everton,38,63,55,37,18,17,12,9
0809,2008/2009,Premier League,6,Aston Villa,38,62,54,48,6,17,11,10
0809,2008/2009,Premier League,7,Fulham,38,53,39,34,5,14,11,13
0809,2008/2009,Premier League,8,Tottenham,38,51,45,45,0,14,9,15
0809,2008/2009,Premier League,9,West Ham,38,51,42,45,-3,14,9,15
0809,2008/2009,Premier League,10,Man City,38,50,58,50,8,15,5,18
0809,2008/2009,Premier League,11,Wigan,38,45,34,45,-11,12,9,17
0809,2008/2009,Premier League,12,Stoke,38,45,38,55,-17,12,9,17
0809,2008/2009,Premier League,13,Bolton,38,41,41,53,-12,11,8,19
0809,2008/2009,Premier League,14,Portsmouth,38,41,38,57,-19,10,11,17
0809,2008/2009,Premier League,15,Blackburn,38,41,40,60,-20,10,11,17
0809,2008/2009,Premier League,16,Sunderland,38,36,34,54,-20,9,9,20
0809,2008/2009,Premier League,17,Hull,38,35,39,64,-25,8,11,19
0809,2008/2009,Premier League,18,Newcastle,38,34,40,59,-19,7,13,18
0809,2008/2009,Premier League,19,Middlesbrough,38,32,28,57,-29,7,11,20
0809,2008/2009,Premier League,20,West Brom,38,32,36,67,-31,8,8,22
0809,2008/2009,Serie A,1,Inter,38,84,70,32,38,25,9,4
0809,2008/2009,Serie A,2,Milan,38,74,70,35,35,22,8,8
0809,2008/2009,Serie A,3,Juventus,38,74,69,37,32,21,11,6
0809,2008/2009,Serie A,4,Genoa,38,68,56,39,17,19,11,8
0809,2008/2009,Serie A,5,Fiorentina,38,68,53,38,15,21,5,12
0809,2008/2009,Serie A,6,Roma,38,63,64,61,3,18,9,11
0809,2008/2009,Serie A,7,Udinese,38,58,61,50,11,16,10,12
0809,2008/2009,Serie A,8,Palermo,38,57,57,50,7,17,6,15
0809,2008/2009,Serie A,9,Cagliari,38,53,49,50,-1,15,8,15
0809,2008/2009,Serie A,10,Lazio,38,50,46,55,-9,15,5,18
0809,2008/2009,Serie A,11,Atalanta,38,47,45,48,-3,13,8,17
0809,2008/2009,Serie A,12,Napoli,38,46,43,45,-2,12,10,16
0809,2008/2009,Serie A,13,Sampdoria,38,46,49,52,-3,11,13,14
0809,2008/2009,Serie A,14,Siena,38,44,33,44,-11,12,8,18
0809,2008/2009,Serie A,15,Catania,38,43,41,51,-10,12,7,19
0809,2008/2009,Serie A,16,Chievo,38,38,35,49,-14,8,14,16
0809,2008/2009,Serie A,17,Bologna,38,37,43,62,-19,9,10,19
0809,2008/2009,Serie A,18,Torino,38,34,37,61,-24,8,10,20
0809,2008/2009,Serie A,19,Reggina,38,31,30,62,-32,6,13,19
0809,2008/2009,Serie A,20,Lecce,38,30,37,67,-30,5,15,18
0910,2009/2010,Bundesliga,1,Bayern Munich,34,70,72,31,41,20,10,4
0910,2009/2010,Bundesliga,2,Schalke 04,34,65,53,31,22,19,8,7
0910,2009/2010,Bundesliga,3,Werder Bremen,34,61,71,40,31,17,10,7
0910,2009/2010,Bundesliga,4,Leverkusen,34,59,65,38,27,15,14,5
0910,2009/2010,Bundesliga,5,Dortmund,34,57,54,42,12,16,9,9
0910,2009/2010,Bundesliga,6,Stuttgart,34,55,51,41,10,15,10,9
0910,2009/2010,Bundesliga,7,Hamburg,34,52,56,41,15,13,13,8
0910,2009/2010,Bundesliga,8,Wolfsburg,34,50,64,58,6,14,8,12
0910,2009/2010,Bundesliga,9,Mainz,34,47,36,42,-6,12,11,11
0910,2009/2010,Bundesliga,10,Ein Frankfurt,34,46,47,54,-7,12,10,12
0910,2009/2010,Bundesliga,11,Hoffenheim,34,42,44,42,2,11,9,14
0910,2009/2010,Bundesliga,12,M'gladbach,34,39,43,60,-17,10,9,15
0910,2009/2010,Bundesliga,13,FC Koln,34,38,33,42,-9,9,11,14
0910,2009/2010,Bundesliga,14,Freiburg,34,35,35,59,-24,9,8,17
0910,2009/2010,Bundesliga,15,Hannover,34,33,43,67,-24,9,6,19
0910,2009/2010,Bundesliga,16,Nurnberg,34,31,32,58,-26,8,7,19
0910,2009/2010,Bundesliga,17,Bochum,34,28,33,64,-31,6,10,18
0910,2009/2010,Bundesliga,18,Hertha,34,24,34,56,-22,5,9,20
0910,2009/2010,La Liga,1,Barcelona,38,99,98,24,74,31,6,1
0910,2009/2010,La Liga,2,Real Madrid,38,96,102,35,67,31,3,4
0910,2009/2010,La Liga,3,Valencia,38,71,59,40,19,21,8,9
0910,2009/2010,La Liga,4,Sevilla,38,63,65,49,16,19,6,13
0910,2009/2010,La Liga,5,Mallorca,38,62,59,44,15,18,8,12
0910,2009/2010,La Liga,6,Getafe,38,58,58,48,10,17,7,14
0910,2009/2010,La Liga,7,Villarreal,38,56,58,57,1,16,8,14
0910,2009/2010,La Liga,8,Ath Bilbao,38,54,50,53,-3,15,9,14
0910,2009/2010,La Liga,9,Ath Madrid,38,47,57,61,-4,13,8,17
0910,2009/2010,La Liga,10,La Coruna,38,47,35,49,-14,13,8,17
0910,2009/2010,La Liga,11,Espanol,38,44,29,46,-17,11,11,16
0910,2009/2010,La Liga,12,Osasuna,38,43,37,46,-9,11,10,17
0910,2009/2010,La Liga,13,Almeria,38,42,43,55,-12,10,12,16
0910,2009/2010,La Liga,14,Zaragoza,38,41,46,64,-18,10,11,17
0910,2009/2010,La Liga,15,Sp Gijon,38,40,36,51,-15,9,13,16
0910,2009/2010,La Liga,16,Santander,38,39,42,59,-17,9,12,17
0910,2009/2010,La Liga,17,Malaga,38,37,42,48,-6,7,16,15
0910,2009/2010,La Liga,18,Valladolid,38,36,37,62,-25,7,15,16
0910,2009/2010,La Liga,19,Tenerife,38,36,40,74,-34,9,9,20
0910,2009/2010,La Liga,20,Xerez,38,34,38,66,-28,8,10,20
0910,2009/2010,Ligue 1,1,Marseille,38,78,69,36,33,23,9,6
0910,2009/2010,Ligue 1,2,Lyon,38,72,64,38,26,20,12,6
0910,2009/2010,Ligue 1,3,Auxerre,38,71,42,29,13,20,11,7
0910,2009/2010,Ligue 1,4,Lille,38,70,72,40,32,21,7,10
0910,2009/2010,Ligue 1,5,Montpellier,38,69,50,40,10,20,9,9
0910,2009/2010,Ligue 1,6,Bordeaux,38,64,58,40,18,19,7,12
0910,2009/2010,Ligue 1,7,Lorient,38,58,54,42,12,16,10,12
0910,2009/2010,Ligue 1,8,Monaco,38,55,39,45,-6,15,10,13
0910,2009/2010,Ligue 1,9,Rennes,38,53,52,41,11,14,11,13
0910,2009/2010,Ligue 1,10,Valenciennes,38,52,50,50,0,14,10,14
0910,2009/2010,Ligue 1,11,Lens,38,48,40,44,-4,12,12,14
0910,2009/2010,Ligue 1,12,Nancy,38,48,46,53,-7,13,9,16
0910,2009/2010,Ligue 1,13,Paris SG,38,47,50,46,4,12,11,15
0910,2009/2010,Ligue 1,14,Toulouse,38,47,36,36,0,12,11,15
0910,2009/2010,Ligue 1,15,Nice,38,44,41,57,-16,11,11,16
0910,2009/2010,Ligue 1,16,Sochaux,38,41,28,52,-24,11,8,19
0910,2009/2010,Ligue 1,17,St Etienne,38,40,27,45,-18,10,10,18
0910,2009/2010,Ligue 1,18,Le Mans,38,32,36,59,-23,8,8,22
0910,2009/2010,Ligue 1,19,Boulogne,38,31,31,62,-31,7,10,21
0910,2009/2010,Ligue 1,20,Grenoble,38,23,31,61,-30,5,8,25
0910,2009/2010,Premier League,1,Chelsea,38,86,103,32,71,27,5,6
0910,2009/2010,Premier League,2,Man United,38,85,86,28,58,27,4,7
0910,2009/2010,Premier League,3,Arsenal,38,75,83,41,42,23,6,9
0910,2009/2010,Premier League,4,Tottenham,38,70,67,41,26,21,7,10
0910,2009/2010,Premier League,5,Man City,38,67,73,45,28,18,13,7
0910,2009/2010,Premier League,6,Aston Villa,38,64,52,39,13,17,13,8
0910,2009/2010,Premier League,7,Liverpool,38,63,61,35,26,18,9,11
0910,2009/2010,Premier League,8,Everton,38,61,60,49,11,16,13,9
0910,2009/2010,Premier League,9,Birmingham,38,50,38,47,-9,13,11,14
0910,2009/2010,Premier League,10,Blackburn,38,50,41,55,-14,13,11,14
0910,2009/2010,Premier League,11,Stoke,38,47,34,48,-14,11,14,13
0910,2009/2010,Premier League,12,Fulham,38,46,39,46,-7,12,10,16
0910,2009/2010,Premier League,13,Sunderland,38,44,48,56,-8,11,11,16
0910,2009/2010,Premier League,14,Bolton,38,39,42,67,-25,10,9,19
0910,2009/2010,Premier League,15,Wolves,38,38,32,56,-24,9,11,18
0910,2009/2010,Premier League,16,Wigan,38,36,37,79,-42,9,9,20
0910,2009/2010,Premier League,17,West Ham,38,35,47,66,-19,8,11,19
0910,2009/2010,Premier League,18,Burnley,38,30,42,82,-40,8,6,24
0910,2009/2010,Premier League,19,Hull,38,30,34,75,-41,6,12,20
0910,2009/2010,Premier League,20,Portsmouth,38,28,34,66,-32,7,7,24
0910,2009/2010,Serie A,1,Inter,38,82,75,34,41,24,10,4
0910,2009/2010,Serie A,2,Roma,38,80,68,41,27,24,8,6
0910,2009/2010,Serie A,3,Milan,38,70,60,39,21,20,10,8
0910,2009/2010,Serie A,4,Sampdoria,38,67,49,41,8,19,10,9
0910,2009/2010,Serie A,5,Palermo,38,65,59,47,12,18,11,9
0910,2009/2010,Serie A,6,Napoli,38,59,50,43,7,15,14,9
0910,2009/2010,Serie A,7,Juventus,38,55,55,56,-1,16,7,15
0910,2009/2010,Serie A,8,Parma,38,52,46,51,-5,14,10,14
0910,2009/2010,Serie A,9,Genoa,38,51,57,61,-4,14,9,15
0910,2009/2010,Serie A,10,Bari,38,50,49,49,0,13,11,14
0910,2009/2010,Serie A,11,Fiorentina,38,47,48,47,1,13,8,17
0910,2009/2010,Serie A,12,Lazio,38,46,39,43,-4,11,13,14
0910,2009/2010,Serie A,13,Catania,38,45,44,45,-1,10,15,13
0910,2009/2010,Serie A,14,Cagliari,38,44,56,58,-2,11,11,16
0910,2009/2010,Serie A,15,Udinese,38,44,54,59,-5,11,11,16
0910,2009/2010,Serie A,16,Chievo,38,44,37,42,-5,12,8,18
0910,2009/2010,Serie A,17,Bologna,38,42,42,55,-13,10,12,16
0910,2009/2010,Serie A,18,Atalanta,38,35,37,53,-16,9,8,21
0910,2009/2010,Serie A,19,Siena,38,31,40,67,-27,7,10,21
0910,2009/2010,Serie A,20,Livorno,38,29,27,61,-34,7,8,23
1011,2010/2011,Bundesliga,1,Dortmund,34,75,67,22,45,23,6,5
1011,2010/2011,Bundesliga,2,Leverkusen,34,68,64,44,20,20,8,6
1011,2010/2011,Bundesliga,3,Bayern Munich,34,65,81,40,41,19,8,7
1011,2010/2011,Bundesliga,4,Hannover,34,60,49,45,4,19,3,12
1011,2010/2011,Bundesliga,5,Mainz,34,58,52,39,13,18,4,12
1011,2010/2011,Bundesliga,6,Nurnberg,34,47,47,45,2,13,8,13
1011,2010/2011,Bundesliga,7,Kaiserslautern,34,46,48,51,-3,13,7,14
1011,2010/2011,Bundesliga,8,Hamburg,34,45,46,52,-6,12,9,13
1011,2010/2011,Bundesliga,9,Freiburg,34,44,41,50,-9,13,5,16
1011,2010/2011,Bundesliga,10,FC Koln,34,44,47,62,-15,13,5,16
1011,2010/2011,Bundesliga,11,Hoffenheim,34,43,50,50,0,11,10,13
1011,2010/2011,Bundesliga,12,Stuttgart,34,42,60,59,1,12,6,16
1011,2010/2011,Bundesliga,13,Werder Bremen,34,41,47,61,-14,10,11,13
1011,2010/2011,Bundesliga,14,Schalke 04,34,40,38,44,-6,11,7,16
1011,2010/2011,Bundesliga,15,Wolfsburg,34,38,43,48,-5,9,11,14
1011,2010/2011,Bundesliga,16,M'gladbach,34,36,48,65,-17,10,6,18
1011,2010/2011,Bundesliga,17,Ein Frankfurt,34,34,31,49,-18,9,7,18
1011,2010/2011,Bundesliga,18,St Pauli,34,29,35,68,-33,8,5,21
1011,2010/2011,La Liga,1,Barcelona,38,96,95,21,74,30,6,2
1011,2010/2011,La Liga,2,Real Madrid,38,92,102,33,69,29,5,4
1011,2010/2011,La Liga,3,Valencia,38,71,64,44,20,21,8,9
1011,2010/2011,La Liga,4,Villarreal,38,62,54,44,10,18,8,12
1011,2010/2011,La Liga,5,Ath Madrid,38,58,62,53,9,17,7,14
1011,2010/2011,La Liga,6,Ath Bilbao,38,58,59,55,4,18,4,16
1011,2010/2011,La Liga,7,Sevilla,38,58,62,61,1,17,7,14
1011,2010/2011,La Liga,8,Espanol,38,49,46,55,-9,15,4,19
1011,2010/2011,La Liga,9,Osasuna,38,47,45,46,-1,13,8,17
1011,2010/2011,La Liga,10,Sp Gijon,38,47,35,42,-7,11,14,13
1011,2010/2011,La Liga,11,Malaga,38,46,54,68,-14,13,7,18
1011,2010/2011,La Liga,12,Santander,38,46,41,56,-15,12,10,16
1011,2010/2011,La Liga,13,Levante,38,45,41,52,-11,12,9,17
1011,2010/2011,La Liga,14,Zaragoza,38,45,40,53,-13,12,9,17
1011,2010/2011,La Liga,15,Sociedad,38,45,49,66,-17,14,3,21
1011,2010/2011,La Liga,16,Getafe,38,44,49,60,-11,12,8,18
1011,2010/2011,La Liga,17,Mallorca,38,44,41,56,-15,12,8,18
1011,2010/2011,La Liga,18,La Coruna,38,43,31,47,-16,10,13,15
1011,2010/2011,La Liga,19,Hercules,38,35,36,60,-24,9,8,21
1011,2010/2011,La Liga,20,Almeria,38,30,36,70,-34,6,12,20
1011,2010/2011,Ligue 1,1,Lille,38,76,68,36,32,21,13,4
1011,2010/2011,Ligue 1,2,Marseille,38,68,62,39,23,18,14,6
1011,2010/2011,Ligue 1,3,Lyon,38,64,61,40,21,17,13,8
1011,2010/2011,Ligue 1,4,Paris SG,38,60,56,41,15,15,15,8
1011,2010/2011,Ligue 1,5,Sochaux,38,58,60,43,17,17,7,14
1011,2010/2011,Ligue 1,6,Rennes,38,56,38,35,3,15,11,12
1011,2010/2011,Ligue 1,7,Bordeaux,38,51,43,42,1,12,15,11
1011,2010/2011,Ligue 1,8,Toulouse,38,50,38,36,2,14,8,16
1011,2010/2011,Ligue 1,9,Auxerre,38,49,45,41,4,10,19,9
1011,2010/2011,Ligue 1,10,St Etienne,38,49,46,47,-1,12,13,13
1011,2010/2011,Ligue 1,11,Lorient,38,49,46,48,-2,12,13,13
1011,2010/2011,Ligue 1,12,Valenciennes,38,48,45,41,4,10,18,10
1011,2010/2011,Ligue 1,13,Nancy,38,48,43,48,-5,13,9,16
1011,2010/2011,Ligue 1,14,Montpellier,38,47,32,43,-11,12,11,15
1011,2010/2011,Ligue 1,15,Caen,38,46,46,51,-5,11,13,14
1011,2010/2011,Ligue 1,16,Brest,38,46,36,43,-7,11,13,14
1011,2010/2011,Ligue 1,17,Nice,38,46,33,48,-15,11,13,14
1011,2010/2011,Ligue 1,18,Monaco,38,44,36,40,-4,9,17,12
1011,2010/2011,Ligue 1,19,Lens,38,35,35,58,-23,7,14,17
1011,2010/2011,Ligue 1,20,Arles,38,20,21,70,-49,3,11,24
1011,2010/2011,Premier League,1,Man United,38,80,78,37,41,23,11,4
1011,2010/2011,Premier League,2,Chelsea,38,71,69,33,36,21,8,9
1011,2010/2011,Premier League,3,Man City,38,71,60,33,27,21,8,9
1011,2010/2011,Premier League,4,Arsenal,38,68,72,43,29,19,11,8
1011,2010/2011,Premier League,5,Tottenham,38,62,55,46,9,16,14,8
1011,2010/2011,Premier League,6,Liverpool,38,58,59,44,15,17,7,14
1011,2010/2011,Premier League,7,Everton,38,54,51,45,6,13,15,10
1011,2010/2011,Premier League,8,Fulham,38,49,49,43,6,11,16,11
1011,2010/2011,Premier League,9,Aston Villa,38,48,48,59,-11,12,12,14
1011,2010/2011,Premier League,10,Sunderland,38,47,45,56,-11,12,11,15
1011,2010/2011,Premier League,11,West Brom,38,47,56,71,-15,12,11,15
1011,2010/2011,Premier League,12,Newcastle,38,46,56,57,-1,11,13,14
1011,2010/2011,Premier League,13,Stoke,38,46,46,48,-2,13,7,18
1011,2010/2011,Premier League,14,Bolton,38,46,52,56,-4,12,10,16
1011,2010/2011,Premier League,15,Blackburn,38,43,46,59,-13,11,10,17
1011,2010/2011,Premier League,16,Wigan,38,42,40,61,-21,9,15,14
1011,2010/2011,Premier League,17,Wolves,38,40,46,66,-20,11,7,20
1011,2010/2011,Premier League,18,Birmingham,38,39,37,58,-21,8,15,15
1011,2010/2011,Premier League,19,Blackpool,38,39,55,78,-23,10,9,19
1011,2010/2011,Premier League,20,West Ham,38,33,43,70,-27,7,12,19
1011,2010/2011,Serie A,1,Milan,38,82,65,24,41,24,10,4
1011,2010/2011,Serie A,2,Inter,38,76,69,42,27,23,7,8
1011,2010/2011,Serie A,3,Napoli,38,70,59,39,20,21,7,10
1011,2010/2011,Serie A,4,Udinese,38,66,65,43,22,20,6,12
1011,2010/2011,Serie A,5,Lazio,38,66,55,39,16,20,6,12
1011,2010/2011,Serie A,6,Roma,38,63,59,52,7,18,9,11
1011,2010/2011,Serie A,7,Juventus,38,58,57,47,10,15,13,10
1011,2010/2011,Serie A,8,Palermo,38,56,58,63,-5,17,5,16
1011,2010/2011,Serie A,9,Fiorentina,38,51,49,44,5,12,15,11
1011,2010/2011,Serie A,10,Genoa,38,51,45,47,-2,14,9,15
1011,2010/2011,Serie A,11,Chievo,38,46,38,40,-2,11,13,14
1011,2010/2011,Serie A,12,Parma,38,46,39,47,-8,11,13,14
1011,2010/2011,Serie A,13,Catania,38,46,40,52,-12,12,10,16
1011,2010/2011,Serie A,14,Cagliari,38,45,44,51,-7,12,9,17
1011,2010/2011,Serie A,15,Bologna,38,45,35,52,-17,11,12,15
1011,2010/2011,Serie A,16,Cesena,38,43,38,50,-12,11,10,17
1011,2010/2011,Serie A,17,Lecce,38,41,46,66,-20,11,8,19
1011,2010/2011,Serie A,18,Sampdoria,38,36,33,49,-16,8,12,18
1011,2010/2011,Serie A,19,Brescia,38,32,34,52,-18,7,11,20
1011,2010/2011,Serie A,20,Bari,38,24,27,56,-29,5,9,24
1112,2011/2012,Bundesliga,1,Dortmund,34,81,80,25,55,25,6,3
1112,2011/2012,Bundesliga,2,Bayern Munich,34,73,77,22,55,23,4,7
1112,2011/2012,Bundesliga,3,Schalke 04,34,64,74,44,30,20,4,10
1112,2011/2012,Bundesliga,4,M'gladbach,34,60,49,24,25,17,9,8
1112,2011/2012,Bundesliga,5,Leverkusen,34,54,52,44,8,15,9,10
1112,2011/2012,Bundesliga,6,Stuttgart,34,53,63,46,17,15,8,11
1112,2011/2012,Bundesliga,7,Hannover,34,48,41,45,-4,12,12,10
1112,2011/2012,Bundesliga,8,Wolfsburg,34,44,47,60,-13,13,5,16
1112,2011/2012,Bundesliga,9,Werder Bremen,34,42,49,58,-9,11,9,14
1112,2011/2012,Bundesliga,10,Nurnberg,34,42,38,49,-11,12,6,16
1112,2011/2012,Bundesliga,11,Hoffenheim,34,41,41,47,-6,10,11,13
1112,2011/2012,Bundesliga,12,Freiburg,34,40,45,61,-16,10,10,14
1112,2011/2012,Bundesliga,13,Mainz,34,39,47,51,-4,9,12,13
1112,2011/2012,Bundesliga,14,Augsburg,34,38,36,49,-13,8,14,12
1112,2011/2012,Bundesliga,15,Hamburg,34,36,35,57,-22,8,12,14
1112,2011/2012,Bundesliga,16,Hertha,34,31,38,64,-26,7,10,17
1112,2011/2012,Bundesliga,17,FC Koln,34,30,39,75,-36,8,6,20
1112,2011/2012,Bundesliga,18,Kaiserslautern,34,23,24,54,-30,4,11,19
1112,2011/2012,La Liga,1,Real Madrid,38,100,121,32,89,32,4,2
1112,2011/2012,La Liga,2,Barcelona,38,91,114,29,85,28,7,3
1112,2011/2012,La Liga,3,Valencia,38,61,59,44,15,17,10,11
1112,2011/2012,La Liga,4,Malaga,38,58,54,53,1,17,7,14
1112,2011/2012,La Liga,5,Ath Madrid,38,56,53,46,7,15,11,12
1112,2011/2012,La Liga,6,Levante,38,55,54,50,4,16,7,15
1112,2011/2012,La Liga,7,Osasuna,38,54,44,61,-17,13,15,10
1112,2011/2012,La Liga,8,Mallorca,38,52,42,46,-4,14,10,14
1112,2011/2012,La Liga,9,Sevilla,38,50,48,47,1,13,11,14
1112,2011/2012,La Liga,10,Ath Bilbao,38,49,49,52,-3,12,13,13
1112,2011/2012,La Liga,11,Sociedad,38,47,46,52,-6,12,11,15
1112,2011/2012,La Liga,12,Betis,38,47,47,56,-9,13,8,17
1112,2011/2012,La Liga,13,Getafe,38,47,40,51,-11,12,11,15
1112,2011/2012,La Liga,14,Espanol,38,46,46,56,-10,12,10,16
1112,2011/2012,La Liga,15,Vallecano,38,43,53,73,-20,13,4,21
1112,2011/2012,La Liga,16,Zaragoza,38,43,36,61,-25,12,7,19
1112,2011/2012,La Liga,17,Granada,38,42,35,56,-21,12,6,20
1112,2011/2012,La Liga,18,Villarreal,38,41,39,53,-14,9,14,15
1112,2011/2012,La Liga,19,Sp Gijon,38,37,42,69,-27,10,7,21
1112,2011/2012,La Liga,20,Santander,38,27,28,63,-35,4,15,19
1112,2011/2012,Ligue 1,1,Montpellier,38,82,68,34,34,25,7,6
1112,2011/2012,Ligue 1,2,Paris SG,38,79,75,41,34,23,10,5
1112,2011/2012,Ligue 1,3,Lille,38,74,72,39,33,21,11,6
1112,2011/2012,Ligue 1,4,Lyon,38,64,64,51,13,19,7,12
1112,2011/2012,Ligue 1,5,Bordeaux,38,61,53,41,12,16,13,9
1112,2011/2012,Ligue 1,6,Rennes,38,60,53,44,9,17,9,12
1112,2011/2012,Ligue 1,7,St Etienne,38,57,49,45,4,16,9,13
1112,2011/2012,Ligue 1,8,Toulouse,38,56,37,34,3,15,11,12
1112,2011/2012,Ligue 1,9,Evian Thonon Gaillard,38,50,54,55,-1,13,11,14
1112,2011/2012,Ligue 1,10,Marseille,38,48,45,41,4,12,12,14
1112,2011/2012,Ligue 1,11,Nancy,38,45,38,48,-10,11,12,15
1112,2011/2012,Ligue 1,12,Valenciennes,38,43,40,50,-10,12,7,19
1112,2011/2012,Ligue 1,13,Nice,38,42,39,46,-7,10,12,16
1112,2011/2012,Ligue 1,14,Sochaux,38,42,40,60,-20,11,9,18
1112,2011/2012,Ligue 1,15,Brest,38,41,31,38,-7,8,17,13
1112,2011/2012,Ligue 1,16,Ajaccio,38,41,40,61,-21,9,14,15
1112,2011/2012,Ligue 1,17,Lorient,38,39,35,49,-14,9,12,17
1112,2011/2012,Ligue 1,18,Caen,38,38,39,59,-20,9,11,18
1112,2011/2012,Ligue 1,19,Dijon,38,36,38,63,-25,9,9,20
1112,2011/2012,Ligue 1,20,Auxerre,38,34,46,57,-11,7,13,18
1112,2011/2012,Premier League,1,Man City,38,89,93,29,64,28,5,5
1112,2011/2012,Premier League,2,Man United,38,89,89,33,56,28,5,5
1112,2011/2012,Premier League,3,Arsenal,38,70,74,49,25,21,7,10
1112,2011/2012,Premier League,4,Tottenham,38,69,66,41,25,20,9,9
1112,2011/2012,Premier League,5,Newcastle,38,65,56,51,5,19,8,11
1112,2011/2012,Premier League,6,Chelsea,38,64,65,46,19,18,10,10
1112,2011/2012,Premier League,7,Everton,38,56,50,40,10,15,11,12
1112,2011/2012,Premier League,8,Liverpool,38,52,47,40,7,14,10,14
1112,2011/2012,Premier League,9,Fulham,38,52,48,51,-3,14,10,14
1112,2011/2012,Premier League,10,West Brom,38,47,45,52,-7,13,8,17
1112,2011/2012,Premier League,11,Swansea,38,47,44,51,-7,12,11,15
1112,2011/2012,Premier League,12,Norwich,38,47,52,66,-14,12,11,15
1112,2011/2012,Premier League,13,Sunderland,38,45,45,46,-1,11,12,15
1112,2011/2012,Premier League,14,Stoke,38,45,36,53,-17,11,12,15
1112,2011/2012,Premier League,15,Wigan,38,43,42,62,-20,11,10,17
1112,2011/2012,Premier League,16,Aston Villa,38,38,37,53,-16,7,17,14
1112,2011/2012,Premier League,17,QPR,38,37,43,66,-23,10,7,21
1112,2011/2012,Premier League,18,Bolton,38,36,46,77,-31,10,6,22
1112,2011/2012,Premier League,19,Blackburn,38,31,48,78,-30,8,7,23
1112,2011/2012,Premier League,20,Wolves,38,25,40,82,-42,5,10,23
1112,2011/2012,Serie A,1,Juventus,38,84,68,20,48,23,15,0
1112,2011/2012,Serie A,2,Milan,38,80,74,33,41,24,8,6
1112,2011/2012,Serie A,3,Udinese,38,64,52,35,17,18,10,10
1112,2011/2012,Serie A,4,Lazio,38,62,56,47,9,18,8,12
1112,2011/2012,Serie A,5,Napoli,38,61,66,46,20,16,13,9
1112,2011/2012,Serie A,6,Inter,38,58,58,55,3,17,7,14
1112,2011/2012,Serie A,7,Roma,38,56,60,54,6,16,8,14
1112,2011/2012,Serie A,8,Parma,38,56,54,53,1,15,11,12
1112,2011/2012,Serie A,9,Atalanta,38,52,41,43,-2,13,13,12
1112,2011/2012,Serie A,10,Bologna,38,51,41,43,-2,13,12,13
1112,2011/2012,Serie A,11,Chievo,38,49,35,45,-10,12,13,13
1112,2011/2012,Serie A,12,Catania,38,48,47,52,-5,11,15,12
1112,2011/2012,Serie A,13,Fiorentina,38,46,37,43,-6,11,13,14
1112,2011/2012,Serie A,14,Siena,38,44,45,45,0,11,11,16
1112,2011/2012,Serie A,15,Cagliari,38,43,37,46,-9,10,13,15
1112,2011/2012,Serie A,16,Palermo,38,43,52,62,-10,11,10,17
1112,2011/2012,Serie A,17,Genoa,38,42,50,69,-19,11,9,18
1112,2011/2012,Serie A,18,Lecce,38,36,40,56,-16,8,12,18
1112,2011/2012,Serie A,19,Novara,38,32,35,65,-30,7,11,20
1112,2011/2012,Serie A,20,Cesena,38,22,24,60,-36,4,10,24
1213,2012/2013,Bundesliga,1,Bayern Munich,34,91,98,18,80,29,4,1
1213,2012/2013,Bundesliga,2,Dortmund,34,66,81,42,39,19,9,6
1213,2012/2013,Bundesliga,3,Leverkusen,34,65,65,39,26,19,8,7
1213,2012/2013,Bundesliga,4,Schalke 04,34,55,58,50,8,16,7,11
1213,2012/2013,Bundesliga,5,Freiburg,34,51,45,40,5,14,9,11
1213,2012/2013,Bundesliga,6,Ein Frankfurt,34,51,49,46,3,14,9,11
1213,2012/2013,Bundesliga,7,Hamburg,34,48,42,53,-11,14,6,14
1213,2012/2013,Bundesliga,8,M'gladbach,34,47,45,49,-4,12,11,11
1213,2012/2013,Bundesliga,9,Hannover,34,45,60,62,-2,13,6,15
1213,2012/2013,Bundesliga,10,Nurnberg,34,44,39,47,-8,11,11,12
1213,2012/2013,Bundesliga,11,Wolfsburg,34,43,47,52,-5,10,13,11
1213,2012/2013,Bundesliga,12,Stuttgart,34,43,37,55,-18,12,7,15
1213,2012/2013,Bundesliga,13,Mainz,34,42,42,44,-2,10,12,12
1213,2012/2013,Bundesliga,14,Werder Bremen,34,34,50,66,-16,8,10,16
1213,2012/2013,Bundesliga,15,Augsburg,34,33,33,51,-18,8,9,17
1213,2012/2013,Bundesliga,16,Hoffenheim,34,31,42,67,-25,8,7,19
1213,2012/2013,Bundesliga,17,Fortuna Dusseldorf,34,30,39,57,-18,7,9,18
1213,2012/2013,Bundesliga,18,Greuther Furth,34,21,26,60,-34,4,9,21
1213,2012/2013,La Liga,1,Barcelona,38,100,115,40,75,32,4,2
1213,2012/2013,La Liga,2,Real Madrid,38,85,103,42,61,26,7,5
1213,2012/2013,La Liga,3,Ath Madrid,38,76,65,31,34,23,7,8
1213,2012/2013,La Liga,4,Sociedad,38,66,70,49,21,18,12,8
1213,2012/2013,La Liga,5,Valencia,38,65,67,54,13,19,8,11
1213,2012/2013,La Liga,6,Malaga,38,57,53,50,3,16,9,13
1213,2012/2013,La Liga,7,Betis,38,56,57,56,1,16,8,14
1213,2012/2013,La Liga,8,Vallecano,38,53,50,66,-16,16,5,17
1213,2012/2013,La Liga,9,Sevilla,38,50,58,54,4,14,8,16
1213,2012/2013,La Liga,10,Getafe,38,47,43,57,-14,13,8,17
1213,2012/2013,La Liga,11,Levante,38,46,40,57,-17,12,10,16
1213,2012/2013,La Liga,12,Ath Bilbao,38,45,44,65,-21,12,9,17
1213,2012/2013,La Liga,13,Espanol,38,44,43,52,-9,11,11,16
1213,2012/2013,La Liga,14,Valladolid,38,43,49,58,-9,11,10,17
1213,2012/2013,La Liga,15,Granada,38,42,37,54,-17,11,9,18
1213,2012/2013,La Liga,16,Osasuna,38,39,33,50,-17,10,9,19
1213,2012/2013,La Liga,17,Celta,38,37,37,52,-15,10,7,21
1213,2012/2013,La Liga,18,Mallorca,38,36,43,72,-29,9,9,20
1213,2012/2013,La Liga,19,La Coruna,38,35,47,70,-23,8,11,19
1213,2012/2013,La Liga,20,Zaragoza,38,34,37,62,-25,9,7,22
1213,2012/2013,Ligue 1,1,Paris SG,38,83,69,23,46,25,8,5
1213,2012/2013,Ligue 1,2,Marseille,38,71,42,36,6,21,8,9
1213,2012/2013,Ligue 1,3,Lyon,38,67,61,38,23,19,10,9
1213,2012/2013,Ligue 1,4,Nice,38,64,57,46,11,18,10,10
1213,2012/2013,Ligue 1,5,St Etienne,38,63,60,32,28,16,15,7
1213,2012/2013,Ligue 1,6,Lille,38,62,59,40,19,16,14,8
1213,2012/2013,Ligue 1,7,Bordeaux,38,55,40,34,6,13,16,9
1213,2012/2013,Ligue 1,8,Lorient,38,53,57,58,-1,14,11,13
1213,2012/2013,Ligue 1,9,Montpellier,38,52,54,51,3,15,7,16
1213,2012/2013,Ligue 1,10,Toulouse,38,51,49,47,2,13,12,13
1213,2012/2013,Ligue 1,11,Valenciennes,38,48,49,53,-4,12,12,14
1213,2012/2013,Ligue 1,12,Bastia,38,47,50,66,-16,13,8,17
1213,2012/2013,Ligue 1,13,Rennes,38,46,48,59,-11,13,7,18
1213,2012/2013,Ligue 1,14,Reims,38,43,33,42,-9,10,13,15
1213,2012/2013,Ligue 1,15,Ajaccio,38,42,39,51,-12,9,15,14
1213,2012/2013,Ligue 1,16,Sochaux,38,41,41,57,-16,10,11,17
1213,2012/2013,Ligue 1,17,Evian Thonon Gaillard,38,40,46,53,-7,10,10,18
1213,2012/2013,Ligue 1,18,Nancy,38,38,38,58,-20,9,11,18
1213,2012/2013,Ligue 1,19,Troyes,38,37,43,61,-18,8,13,17
1213,2012/2013,Ligue 1,20,Brest,38,29,32,62,-30,8,5,25
1213,2012/2013,Premier League,1,Man United,38,89,86,43,43,28,5,5
1213,2012/2013,Premier League,2,Man City,38,78,66,34,32,23,9,6
1213,2012/2013,Premier League,3,Chelsea,38,75,75,39,36,22,9,7
1213,2012/2013,Premier League,4,Arsenal,38,73,72,37,35,21,10,7
1213,2012/2013,Premier League,5,Tottenham,38,72,66,46,20,21,9,8
1213,2012/2013,Premier League,6,Everton,38,63,55,40,15,16,15,7
1213,2012/2013,Premier League,7,Liverpool,38,61,71,43,28,16,13,9
1213,2012/2013,Premier League,8,West Brom,38,49,53,57,-4,14,7,17
1213,2012/2013,Premier League,9,Swansea,38,46,47,51,-4,11,13,14
1213,2012/2013,Premier League,10,West Ham,38,46,45,53,-8,12,10,16
1213,2012/2013,Premier League,11,Norwich,38,44,41,58,-17,10,14,14
1213,2012/2013,Premier League,12,Fulham,38,43,50,60,-10,11,10,17
1213,2012/2013,Premier League,13,Stoke,38,42,34,45,-11,9,15,14
1213,2012/2013,Premier League,14,Southampton,38,41,49,60,-11,9,14,15
1213,2012/2013,Premier League,15,Aston Villa,38,41,47,69,-22,10,11,17
1213,2012/2013,Premier League,16,Newcastle,38,41,45,68,-23,11,8,19
1213,2012/2013,Premier League,17,Sunderland,38,39,41,54,-13,9,12,17
1213,2012/2013,Premier League,18,Wigan,38,36,47,73,-26,9,9,20
1213,2012/2013,Premier League,19,Reading,38,28,43,73,-30,6,10,22
1213,2012/2013,Premier League,20,QPR,38,25,30,60,-30,4,13,21
1213,2012/2013,Serie A,1,Juventus,38,87,71,24,47,27,6,5
1213,2012/2013,Serie A,2,Napoli,38,78,73,36,37,23,9,6
1213,2012/2013,Serie A,3,Milan,38,72,67,39,28,21,9,8
1213,2012/2013,Serie A,4,Fiorentina,38,70,72,44,28,21,7,10
1213,2012/2013,Serie A,5,Udinese,38,66,59,45,14,18,12,8
1213,2012/2013,Serie A,6,Lazio,38,61,51,42,9,18,7,13
1213,2012/2013,Serie A,7,Roma,37,59,68,56,12,17,8,12
1213,2012/2013,Serie A,8,Catania,38,56,50,46,4,15,11,12
1213,2012/2013,Serie A,9,Inter,38,54,55,57,-2,16,6,16
1213,2012/2013,Serie A,10,Parma,38,49,45,46,-1,13,10,15
1213,2012/2013,Serie A,11,Cagliari,37,47,43,52,-9,12,11,14
1213,2012/2013,Serie A,12,Chievo,38,45,37,52,-15,12,9,17
1213,2012/2013,Serie A,13,Bologna,38,44,46,52,-6,11,11,16
1213,2012/2013,Serie A,14,Sampdoria,38,43,43,51,-8,11,10,17
1213,2012/2013,Serie A,15,Atalanta,38,42,39,56,-17,11,9,18
1213,2012/2013,Serie A,16,Torino,38,40,46,55,-9,8,16,14
1213,2012/2013,Serie A,17,Genoa,38,38,38,52,-14,8,14,16
1213,2012/2013,Serie A,18,Siena,38,36,36,57,-21,9,9,20
1213,2012/2013,Serie A,19,Palermo,38,32,34,54,-20,6,14,18
1213,2012/2013,Serie A,20,Pescara,38,22,27,84,-57,6,4,28
1314,2013/2014,Bundesliga,1,Bayern Munich,34,90,94,23,71,29,3,2
1314,2013/2014,Bundesliga,2,Dortmund,34,71,80,38,42,22,5,7
1314,2013/2014,Bundesliga,3,Schalke 04,34,64,63,43,20,19,7,8
1314,2013/2014,Bundesliga,4,Leverkusen,34,61,60,41,19,19,4,11
1314,2013/2014,Bundesliga,5,Wolfsburg,34,60,63,50,13,18,6,10
1314,2013/2014,Bundesliga,6,M'gladbach,34,55,59,43,16,16,7,11
1314,2013/2014,Bundesliga,7,Mainz,34,53,52,54,-2,16,5,13
1314,2013/2014,Bundesliga,8,Augsburg,34,52,47,47,0,15,7,12
1314,2013/2014,Bundesliga,9,Hoffenheim,34,44,72,70,2,11,11,12
1314,2013/2014,Bundesliga,10,Hannover,34,42,46,59,-13,12,6,16
1314,2013/2014,Bundesliga,11,Hertha,34,41,40,48,-8,11,8,15
1314,2013/2014,Bundesliga,12,Werder Bremen,34,39,42,66,-24,10,9,15
1314,2013/2014,Bundesliga,13,Ein Frankfurt,34,36,40,57,-17,9,9,16
1314,2013/2014,Bundesliga,14,Freiburg,34,36,43,61,-18,9,9,16
1314,2013/2014,Bundesliga,15,Stuttgart,34,32,49,62,-13,8,8,18
1314,2013/2014,Bundesliga,16,Hamburg,34,27,51,75,-24,7,6,21
1314,2013/2014,Bundesliga,17,Nurnberg,34,26,37,70,-33,5,11,18
1314,2013/2014,Bundesliga,18,Braunschweig,34,25,29,60,-31,6,7,21
1314,2013/2014,La Liga,1,Ath Madrid,38,90,77,26,51,28,6,4
1314,2013/2014,La Liga,2,Barcelona,38,87,100,33,67,27,6,5
1314,2013/2014,La Liga,3,Real Madrid,38,87,104,38,66,27,6,5
1314,2013/2014,La Liga,4,Ath Bilbao,38,70,66,39,27,20,10,8
1314,2013/2014,La Liga,5,Sevilla,38,63,69,52,17,18,9,11
1314,2013/2014,La Liga,6,Villarreal,38,59,60,44,16,17,8,13
1314,2013/2014,La Liga,7,Sociedad,38,59,62,55,7,16,11,11
1314,2013/2014,La Liga,8,Valencia,38,49,51,53,-2,13,10,15
1314,2013/2014,La Liga,9,Celta,38,49,49,54,-5,14,7,17
1314,2013/2014,La Liga,10,Levante,38,48,35,43,-8,12,12,14
1314,2013/2014,La Liga,11,Malaga,38,45,39,46,-7,12,9,17
1314,2013/2014,La Liga,12,Vallecano,38,43,46,80,-34,13,4,21
1314,2013/2014,La Liga,13,Espanol,38,42,41,51,-10,11,9,18
1314,2013/2014,La Liga,14,Getafe,38,42,35,54,-19,11,9,18
1314,2013/2014,La Liga,15,Granada,38,41,32,56,-24,12,5,21
1314,2013/2014,La Liga,16,Elche,38,40,30,50,-20,9,13,16
1314,2013/2014,La Liga,17,Almeria,38,40,43,71,-28,11,7,20
1314,2013/2014,La Liga,18,Osasuna,38,39,32,62,-30,10,9,19
1314,2013/2014,La Liga,19,Valladolid,38,36,38,60,-22,7,15,16
1314,2013/2014,La Liga,20,Betis,38,25,36,78,-42,6,7,25
1314,2013/2014,Ligue 1,1,Paris SG,38,89,84,23,61,27,8,3
1314,2013/2014,Ligue 1,2,Monaco,38,80,63,31,32,23,11,4
1314,2013/2014,Ligue 1,3,Lille,38,71,46,26,20,20,11,7
1314,2013/2014,Ligue 1,4,St Etienne,38,69,56,34,22,20,9,9
1314,2013/2014,Ligue 1,5,Lyon,38,61,56,44,12,17,10,11
1314,2013/2014,Ligue 1,6,Marseille,38,60,53,40,13,16,12,10
1314,2013/2014,Ligue 1,7,Bordeaux,38,53,49,43,6,13,14,11
1314,2013/2014,Ligue 1,8,Nantes,38,49,40,43,-3,13,10,15
1314,2013/2014,Ligue 1,9,Lorient,38,49,48,53,-5,13,10,15
1314,2013/2014,Ligue 1,10,Toulouse,38,49,46,53,-7,12,13,13
1314,2013/2014,Ligue 1,11,Reims,38,48,44,52,-8,12,12,14
1314,2013/2014,Ligue 1,12,Rennes,38,46,47,45,2,11,13,14
1314,2013/2014,Ligue 1,13,Bastia,38,46,42,58,-16,12,10,16
1314,2013/2014,Ligue 1,14,Evian Thonon Gaillard,38,44,39,51,-12,11,11,16
1314,2013/2014,Ligue 1,15,Montpellier,38,42,45,53,-8,8,18,12
1314,2013/2014,Ligue 1,16,Guingamp,38,42,34,42,-8,11,9,18
1314,2013/2014,Ligue 1,17,Nice,38,42,30,44,-14,12,6,20
1314,2013/2014,Ligue 1,18,Sochaux,38,40,37,61,-24,10,10,18
1314,2013/2014,Ligue 1,19,Valenciennes,38,29,37,65,-28,7,8,23
1314,2013/2014,Ligue 1,20,Ajaccio,38,23,37,72,-35,4,11,23
1314,2013/2014,Premier League,1,Man City,38,86,102,37,65,27,5,6
1314,2013/2014,Premier League,2,Liverpool,38,84,101,50,51,26,6,6
1314,2013/2014,Premier League,3,Chelsea,38,82,71,27,44,25,7,6
1314,2013/2014,Premier League,4,Arsenal,38,79,68,41,27,24,7,7
1314,2013/2014,Premier League,5,Everton,38,72,61,39,22,21,9,8
1314,2013/2014,Premier League,6,Tottenham,38,69,55,51,4,21,6,11
1314,2013/2014,Premier League,7,Man United,38,64,64,43,21,19,7,12
1314,2013/2014,Premier League,8,Southampton,38,56,54,46,8,15,11,12
1314,2013/2014,Premier League,9,Stoke,38,50,45,52,-7,13,11,14
1314,2013/2014,Premier League,10,Newcastle,38,49,43,59,-16,15,4,19
1314,2013/2014,Premier League,11,Crystal Palace,38,45,33,48,-15,13,6,19
1314,2013/2014,Premier League,12,Swansea,38,42,54,54,0,11,9,18
1314,2013/2014,Premier League,13,West Ham,38,40,40,51,-11,11,7,20
1314,2013/2014,Premier League,14,Sunderland,38,38,41,60,-19,10,8,20
1314,2013/2014,Premier League,15,Aston Villa,38,38,39,61,-22,10,8,20
1314,2013/2014,Premier League,16,Hull,38,37,38,53,-15,10,7,21
1314,2013/2014,Premier League,17,West Brom,38,36,43,59,-16,7,15,16
1314,2013/2014,Premier League,18,Norwich,38,33,28,62,-34,8,9,21
1314,2013/2014,Premier League,19,Fulham,38,32,40,85,-45,9,5,24
1314,2013/2014,Premier League,20,Cardiff,38,30,32,74,-42,7,9,22
1314,2013/2014,Serie A,1,Juventus,38,102,80,23,57,33,3,2
1314,2013/2014,Serie A,2,Roma,38,85,72,25,47,26,7,5
1314,2013/2014,Serie A,3,Napoli,38,78,77,39,38,23,9,6
1314,2013/2014,Serie A,4,Fiorentina,38,65,65,44,21,19,8,11
1314,2013/2014,Serie A,5,Inter,38,60,62,39,23,15,15,8
1314,2013/2014,Serie A,6,Parma,38,58,58,46,12,15,13,10
1314,2013/2014,Serie A,7,Torino,38,57,58,48,10,15,12,11
1314,2013/2014,Serie A,8,Milan,38,57,57,49,8,16,9,13
1314,2013/2014,Serie A,9,Lazio,38,56,54,54,0,15,11,12
1314,2013/2014,Serie A,10,Verona,38,54,62,68,-6,16,6,16
1314,2013/2014,Serie A,11,Atalanta,38,50,43,51,-8,15,5,18
1314,2013/2014,Serie A,12,Sampdoria,38,45,48,62,-14,12,9,17
1314,2013/2014,Serie A,13,Genoa,38,44,41,50,-9,11,11,16
1314,2013/2014,Serie A,14,Udinese,38,44,46,57,-11,12,8,18
1314,2013/2014,Serie A,15,Cagliari,38,39,34,53,-19,9,12,17
1314,2013/2014,Serie A,16,Chievo,38,36,34,54,-20,10,6,22
1314,2013/2014,Serie A,17,Sassuolo,38,34,43,72,-29,9,7,22
1314,2013/2014,Serie A,18,Catania,38,32,34,66,-32,8,8,22
1314,2013/2014,Serie A,19,Bologna,38,29,28,58,-30,5,14,19
1314,2013/2014,Serie A,20,Livorno,38,25,39,77,-38,6,7,25
1415,2014/2015,Bundesliga,1,Bayern Munich,34,79,80,18,62,25,4,5
1415,2014/2015,Bundesliga,2,Wolfsburg,34,69,72,38,34,20,9,5
1415,2014/2015,Bundesliga,3,M'gladbach,34,66,53,26,27,19,9,6
1415,2014/2015,Bundesliga,4,Leverkusen,34,61,62,37,25,17,10,7
1415,2014/2015,Bundesliga,5,Augsburg,34,49,43,43,0,15,4,15
1415,2014/2015,Bundesliga,6,Schalke 04,34,48,42,40,2,13,9,12
1415,2014/2015,Bundesliga,7,Dortmund,34,46,47,42,5,13,7,14
1415,2014/2015,Bundesliga,8,Hoffenheim,34,44,49,55,-6,12,8,14
1415,2014/2015,Bundesliga,9,Ein Frankfurt,34,43,56,62,-6,11,10,13
1415,2014/2015,Bundesliga,10,Werder Bremen,34,43,50,65,-15,11,10,13
1415,2014/2015,Bundesliga,11,Mainz,34,40,45,47,-2,9,13,12
1415,2014/2015,Bundesliga,12,FC Koln,34,40,34,40,-6,9,13,12
1415,2014/2015,Bundesliga,13,Hannover,34,37,40,56,-16,9,10,15
1415,2014/2015,Bundesliga,14,Stuttgart,34,36,42,60,-18,9,9,16
1415,2014/2015,Bundesliga,15,Hertha,34,35,36,52,-16,9,8,17
1415,2014/2015,Bundesliga,16,Hamburg,34,35,25,50,-25,9,8,17
1415,2014/2015,Bundesliga,17,Freiburg,34,34,36,47,-11,7,13,14
1415,2014/2015,Bundesliga,18,Paderborn,34,31,31,65,-34,7,10,17
1415,2014/2015,La Liga,1,Barcelona,38,94,110,21,89,30,4,4
1415,2014/2015,La Liga,2,Real Madrid,38,92,118,38,80,30,2,6
1415,2014/2015,La Liga,3,Ath Madrid,38,78,67,29,38,23,9,6
1415,2014/2015,La Liga,4,Valencia,38,77,70,32,38,22,11,5
1415,2014/2015,La Liga,5,Sevilla,38,76,71,45,26,23,7,8
1415,2014/2015,La Liga,6,Villarreal,38,60,48,37,11,16,12,10
1415,2014/2015,La Liga,7,Ath Bilbao,38,55,42,41,1,15,10,13
1415,2014/2015,La Liga,8,Celta,38,51,47,44,3,13,12,13
1415,2014/2015,La Liga,9,Malaga,38,50,42,48,-6,14,8,16
1415,2014/2015,La Liga,10,Espanol,38,49,47,51,-4,13,10,15
1415,2014/2015,La Liga,11,Vallecano,38,49,46,68,-22,15,4,19
1415,2014/2015,La Liga,12,Sociedad,38,46,44,51,-7,11,13,14
1415,2014/2015,La Liga,13,Elche,38,41,35,62,-27,11,8,19
1415,2014/2015,La Liga,14,Getafe,38,37,33,64,-31,10,7,21
1415,2014/2015,La Liga,15,Levante,38,37,34,67,-33,9,10,19
1415,2014/2015,La Liga,16,Eibar,38,35,34,55,-21,9,8,21
1415,2014/2015,La Liga,17,La Coruna,38,35,35,60,-25,7,14,17
1415,2014/2015,La Liga,18,Granada,38,35,29,64,-35,7,14,17
1415,2014/2015,La Liga,19,Almeria,38,32,35,64,-29,8,8,22
1415,2014/2015,La Liga,20,Cordoba,38,20,22,68,-46,3,11,24
1415,2014/2015,Ligue 1,1,Paris SG,38,83,83,36,47,24,11,3
1415,2014/2015,Ligue 1,2,Lyon,38,75,72,33,39,22,9,7
1415,2014/2015,Ligue 1,3,Monaco,38,71,51,26,25,20,11,7
1415,2014/2015,Ligue 1,4,Marseille,38,69,76,42,34,21,6,11
1415,2014/2015,Ligue 1,5,St Etienne,38,69,51,30,21,19,12,7
1415,2014/2015,Ligue 1,6,Bordeaux,38,63,47,44,3,17,12,9
1415,2014/2015,Ligue 1,7,Montpellier,38,56,46,39,7,16,8,14
1415,2014/2015,Ligue 1,8,Lille,38,56,43,42,1,16,8,14
1415,2014/2015,Ligue 1,9,Rennes,38,50,35,42,-7,13,11,14
1415,2014/2015,Ligue 1,10,Guingamp,38,49,41,55,-14,15,4,19
1415,2014/2015,Ligue 1,11,Nice,38,48,44,53,-9,13,9,16
1415,2014/2015,Ligue 1,12,Bastia,38,47,37,46,-9,12,11,15
1415,2014/2015,Ligue 1,13,Caen,38,46,54,55,-1,12,10,16
1415,2014/2015,Ligue 1,14,Nantes,38,45,29,40,-11,11,12,15
1415,2014/2015,Ligue 1,15,Reims,38,44,47,66,-19,12,8,18
1415,2014/2015,Ligue 1,16,Lorient,38,43,44,50,-6,12,7,19
1415,2014/2015,Ligue 1,17,Toulouse,38,42,43,64,-21,12,6,20
1415,2014/2015,Ligue 1,18,Evian Thonon Gaillard,38,37,41,62,-21,11,4,23
1415,2014/2015,Ligue 1,19,Metz,38,30,31,61,-30,7,9,22
1415,2014/2015,Ligue 1,20,Lens,38,29,32,61,-29,7,8,23
1415,2014/2015,Premier League,1,Chelsea,38,87,73,32,41,26,9,3
1415,2014/2015,Premier League,2,Man City,38,79,83,38,45,24,7,7
1415,2014/2015,Premier League,3,Arsenal,38,75,71,36,35,22,9,7
1415,2014/2015,Premier League,4,Man United,38,70,62,37,25,20,10,8
1415,2014/2015,Premier League,5,Tottenham,38,64,58,53,5,19,7,12
1415,2014/2015,Premier League,6,Liverpool,38,62,52,48,4,18,8,12
1415,2014/2015,Premier League,7,Southampton,38,60,54,33,21,18,6,14
1415,2014/2015,Premier League,8,Swansea,38,56,46,49,-3,16,8,14
1415,2014/2015,Premier League,9,Stoke,38,54,48,45,3,15,9,14
1415,2014/2015,Premier League,10,Crystal Palace,38,48,47,51,-4,13,9,16
1415,2014/2015,Premier League,11,Everton,38,47,48,50,-2,12,11,15
1415,2014/2015,Premier League,12,West Ham,38,47,44,47,-3,12,11,15
1415,2014/2015,Premier League,13,West Brom,38,44,38,51,-13,11,11,16
1415,2014/2015,Premier League,14,Leicester,38,41,46,55,-9,11,8,19
1415,2014/2015,Premier League,15,Newcastle,38,39,40,63,-23,10,9,19
1415,2014/2015,Premier League,16,Sunderland,38,38,31,53,-22,7,17,14
1415,2014/2015,Premier League,17,Aston Villa,38,38,31,57,-26,10,8,20
1415,2014/2015,Premier League,18,Hull,38,35,33,51,-18,8,11,19
1415,2014/2015,Premier League,19,Burnley,38,33,28,53,-25,7,12,19
1415,2014/2015,Premier League,20,QPR,38,30,42,73,-31,8,6,24
1415,2014/2015,Serie A,1,Juventus,38,87,72,24,48,26,9,3
1415,2014/2015,Serie A,2,Roma,38,70,54,31,23,19,13,6
1415,2014/2015,Serie A,3,Lazio,38,69,71,38,33,21,6,11
1415,2014/2015,Serie A,4,Fiorentina,38,64,61,46,15,18,10,10
1415,2014/2015,Serie A,5,Napoli,38,63,70,54,16,18,9,11
1415,2014/2015,Serie A,6,Genoa,38,59,62,47,15,16,11,11
1415,2014/2015,Serie A,7,Sampdoria,38,56,48,42,6,13,17,8
1415,2014/2015,Serie A,8,Inter,38,55,59,48,11,14,13,11
1415,2014/2015,Serie A,9,Torino,38,54,48,45,3,14,12,12
1415,2014/2015,Serie A,10,Milan,38,52,56,50,6,13,13,12
1415,2014/2015,Serie A,11,Palermo,38,49,53,55,-2,12,13,13
1415,2014/2015,Serie A,12,Sassuolo,38,49,49,57,-8,12,13,13
1415,2014/2015,Serie A,13,Verona,38,46,49,65,-16,11,13,14
1415,2014/2015,Serie A,14,Chievo,38,43,28,41,-13,10,13,15
1415,2014/2015,Serie A,15,Empoli,38,42,46,52,-6,8,18,12
1415,2014/2015,Serie A,16,Udinese,38,41,43,56,-13,10,11,17
1415,2014/2015,Serie A,17,Atalanta,38,37,38,57,-19,7,16,15
1415,2014/2015,Serie A,18,Cagliari,38,34,48,68,-20,8,10,20
1415,2014/2015,Serie A,19,Parma,38,26,33,75,-42,6,8,24
1415,2014/2015,Serie A,20,Cesena,38,24,36,73,-37,4,12,22
1516,2015/2016,Bundesliga,1,Bayern Munich,34,88,80,17,63,28,4,2
1516,2015/2016,Bundesliga,2,Dortmund,34,78,82,34,48,24,6,4
1516,2015/2016,Bundesliga,3,Leverkusen,34,60,56,40,16,18,6,10
1516,2015/2016,Bundesliga,4,M'gladbach,34,55,67,50,17,17,4,13
1516,2015/2016,Bundesliga,5,Schalke 04,34,52,51,49,2,15,7,12
1516,2015/2016,Bundesliga,6,Mainz,34,50,46,42,4,14,8,12
1516,2015/2016,Bundesliga,7,Hertha,34,50,42,42,0,14,8,12
1516,2015/2016,Bundesliga,8,Wolfsburg,34,45,47,49,-2,12,9,13
1516,2015/2016,Bundesliga,9,FC Koln,34,43,38,42,-4,10,13,11
1516,2015/2016,Bundesliga,10,Hamburg,34,41,40,46,-6,11,8,15
1516,2015/2016,Bundesliga,11,Ingolstadt,34,40,33,42,-9,10,10,14
1516,2015/2016,Bundesliga,12,Augsburg,34,38,42,52,-10,9,11,14
1516,2015/2016,Bundesliga,13,Werder Bremen,34,38,50,65,-15,10,8,16
1516,2015/2016,Bundesliga,14,Darmstadt,34,38,38,53,-15,9,11,14
1516,2015/2016,Bundesliga,15,Hoffenheim,34,37,39,54,-15,9,10,15
1516,2015/2016,Bundesliga,16,Ein Frankfurt,34,36,34,52,-18,9,9,16
1516,2015/2016,Bundesliga,17,Stuttgart,34,33,50,75,-25,9,6,19
1516,2015/2016,Bundesliga,18,Hannover,34,25,31,62,-31,7,4,23
1516,2015/2016,La Liga,1,Barcelona,38,91,112,29,83,29,4,5
1516,2015/2016,La Liga,2,Real Madrid,38,90,110,34,76,28,6,4
1516,2015/2016,La Liga,3,Ath Madrid,38,88,63,18,45,28,4,6
1516,2015/2016,La Liga,4,Villarreal,38,64,44,35,9,18,10,10
1516,2015/2016,La Liga,5,Ath Bilbao,38,62,58,45,13,18,8,12
1516,2015/2016,La Liga,6,Celta,38,60,51,59,-8,17,9,12
1516,2015/2016,La Liga,7,Sevilla,38,52,51,50,1,14,10,14
1516,2015/2016,La Liga,8,Malaga,38,48,38,35,3,12,12,14
1516,2015/2016,La Liga,9,Sociedad,38,48,45,48,-3,13,9,16
1516,2015/2016,La Liga,10,Betis,38,45,34,52,-18,11,12,15
1516,2015/2016,La Liga,11,Valencia,38,44,46,48,-2,11,11,16
1516,2015/2016,La Liga,12,Las Palmas,38,44,45,53,-8,12,8,18
1516,2015/2016,La Liga,13,Eibar,38,43,49,61,-12,11,10,17
1516,2015/2016,La Liga,14,Espanol,38,43,40,74,-34,12,7,19
1516,2015/2016,La Liga,15,La Coruna,38,42,45,61,-16,8,18,12
1516,2015/2016,La Liga,16,Sp Gijon,38,39,40,62,-22,10,9,19
1516,2015/2016,La Liga,17,Granada,38,39,46,69,-23,10,9,19
1516,2015/2016,La Liga,18,Vallecano,38,38,52,73,-21,9,11,18
1516,2015/2016,La Liga,19,Getafe,38,36,37,67,-30,9,9,20
1516,2015/2016,La Liga,20,Levante,38,32,37,70,-33,8,8,22
1516,2015/2016,Ligue 1,1,Paris SG,38,96,102,19,83,30,6,2
1516,2015/2016,Ligue 1,2,Lyon,38,65,67,43,24,19,8,11
1516,2015/2016,Ligue 1,3,Monaco,38,65,57,50,7,17,14,7
1516,2015/2016,Ligue 1,4,Nice,38,63,58,41,17,18,9,11
1516,2015/2016,Ligue 1,5,Lille,38,60,39,27,12,15,15,8
1516,2015/2016,Ligue 1,6,St Etienne,38,58,42,37,5,17,7,14
1516,2015/2016,Ligue 1,7,Caen,38,54,39,52,-13,16,6,16
1516,2015/2016,Ligue 1,8,Rennes,38,52,52,54,-2,13,13,12
1516,2015/2016,Ligue 1,9,Angers,38,50,40,38,2,13,11,14
1516,2015/2016,Ligue 1,10,Bastia,38,50,36,42,-6,14,8,16
1516,2015/2016,Ligue 1,11,Bordeaux,38,50,50,57,-7,12,14,12
1516,2015/2016,Ligue 1,12,Montpellier,38,49,49,47,2,14,7,17
1516,2015/2016,Ligue 1,13,Marseille,38,48,48,42,6,10,18,10
1516,2015/2016,Ligue 1,14,Nantes,38,48,33,44,-11,12,12,14
1516,2015/2016,Ligue 1,15,Lorient,38,46,47,58,-11,11,13,14
1516,2015/2016,Ligue 1,16,Guingamp,38,44,47,56,-9,11,11,16
1516,2015/2016,Ligue 1,17,Toulouse,38,40,45,55,-10,9,13,16
1516,2015/2016,Ligue 1,18,Reims,38,39,44,57,-13,10,9,19
1516,2015/2016,Ligue 1,19,Ajaccio GFCO,38,37,37,58,-21,8,13,17
1516,2015/2016,Ligue 1,20,Troyes,38,18,28,83,-55,3,9,26
1516,2015/2016,Premier League,1,Leicester,38,81,68,36,32,23,12,3
1516,2015/2016,Premier League,2,Arsenal,38,71,65,36,29,20,11,7
1516,2015/2016,Premier League,3,Tottenham,38,70,69,35,34,19,13,6
1516,2015/2016,Premier League,4,Man City,38,66,71,41,30,19,9,10
1516,2015/2016,Premier League,5,Man United,38,66,49,35,14,19,9,10
1516,2015/2016,Premier League,6,Southampton,38,63,59,41,18,18,9,11
1516,2015/2016,Premier League,7,West Ham,38,62,65,51,14,16,14,8
1516,2015/2016,Premier League,8,Liverpool,38,60,63,50,13,16,12,10
1516,2015/2016,Premier League,9,Stoke,38,51,41,55,-14,14,9,15
1516,2015/2016,Premier League,10,Chelsea,38,50,59,53,6,12,14,12
1516,2015/2016,Premier League,11,Everton,38,47,59,55,4,11,14,13
1516,2015/2016,Premier League,12,Swansea,38,47,42,52,-10,12,11,15
1516,2015/2016,Premier League,13,Watford,38,45,40,50,-10,12,9,17
1516,2015/2016,Premier League,14,West Brom,38,43,34,48,-14,10,13,15
1516,2015/2016,Premier League,15,Crystal Palace,38,42,39,51,-12,11,9,18
1516,2015/2016,Premier League,16,Bournemouth,38,42,45,67,-22,11,9,18
1516,2015/2016,Premier League,17,Sunderland,38,39,48,62,-14,9,12,17
1516,2015/2016,Premier League,18,Newcastle,38,37,44,65,-21,9,10,19
1516,2015/2016,Premier League,19,Norwich,38,34,39,67,-28,9,7,22
1516,2015/2016,Premier League,20,Aston Villa,38,17,27,76,-49,3,8,27
1516,2015/2016,Serie A,1,Juventus,38,91,75,20,55,29,4,5
1516,2015/2016,Serie A,2,Napoli,38,82,80,32,48,25,7,6
1516,2015/2016,Serie A,3,Roma,38,80,83,41,42,23,11,4
1516,2015/2016,Serie A,4,Inter,38,67,50,38,12,20,7,11
1516,2015/2016,Serie A,5,Fiorentina,38,64,60,42,18,18,10,10
1516,2015/2016,Serie A,6,Sassuolo,38,61,49,40,9,16,13,9
1516,2015/2016,Serie A,7,Milan,38,57,49,43,6,15,12,11
1516,2015/2016,Serie A,8,Lazio,38,54,52,52,0,15,9,14
1516,2015/2016,Serie A,9,Chievo,38,50,43,45,-2,13,11,14
1516,2015/2016,Serie A,10,Genoa,38,46,45,48,-3,13,7,18
1516,2015/2016,Serie A,11,Empoli,38,46,40,49,-9,12,10,16
1516,2015/2016,Serie A,12,Torino,38,45,52,55,-3,12,9,17
1516,2015/2016,Serie A,13,Atalanta,38,45,41,47,-6,11,12,15
1516,2015/2016,Serie A,14,Bologna,38,42,33,45,-12,11,9,18
1516,2015/2016,Serie A,15,Sampdoria,38,40,48,61,-13,10,10,18
1516,2015/2016,Serie A,16,Udinese,38,39,35,60,-25,10,9,19
1516,2015/2016,Serie A,17,Palermo,38,39,38,65,-27,10,9,19
1516,2015/2016,Serie A,18,Carpi,38,38,37,57,-20,9,11,18
1516,2015/2016,Serie A,19,Frosinone,38,31,35,76,-41,8,7,23
1516,2015/2016,Serie A,20,Verona,38,28,34,63,-29,5,13,20
1617,2016/2017,Bundesliga,1,Bayern Munich,34,82,89,22,67,25,7,2
1617,2016/2017,Bundesliga,2,RB Leipzig,34,67,66,39,27,20,7,7
1617,2016/2017,Bundesliga,3,Dortmund,34,64,72,40,32,18,10,6
1617,2016/2017,Bundesliga,4,Hoffenheim,34,62,64,37,27,16,14,4
1617,2016/2017,Bundesliga,5,FC Koln,34,49,51,42,9,12,13,9
1617,2016/2017,Bundesliga,6,Hertha,34,49,43,47,-4,15,4,15
1617,2016/2017,Bundesliga,7,Freiburg,34,48,42,60,-18,14,6,14
1617,2016/2017,Bundesliga,8,Werder Bremen,34,45,61,64,-3,13,6,15
1617,2016/2017,Bundesliga,9,M'gladbach,34,45,45,49,-4,12,9,13
1617,2016/2017,Bundesliga,10,Schalke 04,34,43,45,40,5,11,10,13
1617,2016/2017,Bundesliga,11,Ein Frankfurt,34,42,36,43,-7,11,9,14
1617,2016/2017,Bundesliga,12,Leverkusen,34,41,53,55,-2,11,8,15
1617,2016/2017,Bundesliga,13,Augsburg,34,38,35,51,-16,9,11,14
1617,2016/2017,Bundesliga,14,Hamburg,34,38,33,61,-28,10,8,16
1617,2016/2017,Bundesliga,15,Mainz,34,37,44,55,-11,10,7,17
1617,2016/2017,Bundesliga,16,Wolfsburg,34,37,34,52,-18,10,7,17
1617,2016/2017,Bundesliga,17,Ingolstadt,34,32,36,57,-21,8,8,18
1617,2016/2017,Bundesliga,18,Darmstadt,34,25,28,63,-35,7,4,23
1617,2016/2017,La Liga,1,Real Madrid,38,93,106,41,65,29,6,3
1617,2016/2017,La Liga,2,Barcelona,38,90,116,37,79,28,6,4
1617,2016/2017,La Liga,3,Ath Madrid,38,78,70,27,43,23,9,6
1617,2016/2017,La Liga,4,Sevilla,38,72,69,49,20,21,9,8
1617,2016/2017,La Liga,5,Villarreal,38,67,56,33,23,19,10,9
1617,2016/2017,La Liga,6,Sociedad,38,64,59,53,6,19,7,12
1617,2016/2017,La Liga,7,Ath Bilbao,38,63,53,43,10,19,6,13
1617,2016/2017,La Liga,8,Espanol,38,56,49,50,-1,15,11,12
1617,2016/2017,La Liga,9,Alaves,38,55,41,43,-2,14,13,11
1617,2016/2017,La Liga,10,Eibar,38,54,56,51,5,15,9,14
1617,2016/2017,La Liga,11,Malaga,38,46,49,55,-6,12,10,16
1617,2016/2017,La Liga,12,Valencia,38,46,56,65,-9,13,7,18
1617,2016/2017,La Liga,13,Celta,38,45,53,69,-16,13,6,19
1617,2016/2017,La Liga,14,Las Palmas,38,39,53,74,-21,10,9,19
1617,2016/2017,La Liga,15,Betis,38,39,41,64,-23,10,9,19
1617,2016/2017,La Liga,16,La Coruna,38,36,43,61,-18,8,12,18
1617,2016/2017,La Liga,17,Leganes,38,35,36,55,-19,8,11,19
1617,2016/2017,La Liga,18,Sp Gijon,38,31,42,72,-30,7,10,21
1617,2016/2017,La Liga,19,Osasuna,38,22,40,94,-54,4,10,24
1617,2016/2017,La Liga,20,Granada,38,20,30,82,-52,4,8,26
1617,2016/2017,Ligue 1,1,Monaco,38,95,107,31,76,30,5,3
1617,2016/2017,Ligue 1,2,Paris SG,38,87,83,27,56,27,6,5
1617,2016/2017,Ligue 1,3,Nice,38,78,63,36,27,22,12,4
1617,2016/2017,Ligue 1,4,Lyon,37,64,77,48,29,20,4,13
1617,2016/2017,Ligue 1,5,Marseille,38,62,57,41,16,17,11,10
1617,2016/2017,Ligue 1,6,Bordeaux,38,59,53,43,10,15,14,9
1617,2016/2017,Ligue 1,7,Nantes,38,51,40,54,-14,14,9,15
1617,2016/2017,Ligue 1,8,St Etienne,38,50,41,42,-1,12,14,12
1617,2016/2017,Ligue 1,9,Rennes,38,50,36,42,-6,12,14,12
1617,2016/2017,Ligue 1,10,Guingamp,38,50,46,53,-7,14,8,16
1617,2016/2017,Ligue 1,11,Lille,38,46,40,47,-7,13,7,18
1617,2016/2017,Ligue 1,12,Angers,38,46,40,49,-9,13,7,18
1617,2016/2017,Ligue 1,13,Toulouse,38,44,37,41,-4,10,14,14
1617,2016/2017,Ligue 1,14,Metz,38,43,39,72,-33,11,10,17
1617,2016/2017,Ligue 1,15,Montpellier,38,39,48,66,-18,10,9,19
1617,2016/2017,Ligue 1,16,Dijon,38,37,46,58,-12,8,13,17
1617,2016/2017,Ligue 1,17,Caen,38,37,36,65,-29,10,7,21
1617,2016/2017,Ligue 1,18,Lorient,38,36,44,70,-26,10,6,22
1617,2016/2017,Ligue 1,19,Nancy,38,35,29,52,-23,9,8,21
1617,2016/2017,Ligue 1,20,Bastia,37,34,29,54,-25,8,10,19
1617,2016/2017,Premier League,1,Chelsea,38,93,85,33,52,30,3,5
1617,2016/2017,Premier League,2,Tottenham,38,86,86,26,60,26,8,4
1617,2016/2017,Premier League,3,Man City,38,78,80,39,41,23,9,6
1617,2016/2017,Premier League,4,Liverpool,38,76,78,42,36,22,10,6
1617,2016/2017,Premier League,5,Arsenal,38,75,77,44,33,23,6,9
1617,2016/2017,Premier League,6,Man United,38,69,54,29,25,18,15,5
1617,2016/2017,Premier League,7,Everton,38,61,62,44,18,17,10,11
1617,2016/2017,Premier League,8,Southampton,38,46,41,48,-7,12,10,16
1617,2016/2017,Premier League,9,Bournemouth,38,46,55,67,-12,12,10,16
1617,2016/2017,Premier League,10,West Brom,38,45,43,51,-8,12,9,17
1617,2016/2017,Premier League,11,West Ham,38,45,47,64,-17,12,9,17
1617,2016/2017,Premier League,12,Leicester,38,44,48,63,-15,12,8,18
1617,2016/2017,Premier League,13,Stoke,38,44,41,56,-15,11,11,16
1617,2016/2017,Premier League,14,Crystal Palace,38,41,50,63,-13,12,5,21
1617,2016/2017,Premier League,15,Swansea,38,41,45,70,-25,12,5,21
1617,2016/2017,Premier League,16,Burnley,38,40,39,55,-16,11,7,20
1617,2016/2017,Premier League,17,Watford,38,40,40,68,-28,11,7,20
1617,2016/2017,Premier League,18,Hull,38,34,37,80,-43,9,7,22
1617,2016/2017,Premier League,19,Middlesbrough,38,28,27,53,-26,5,13,20
1617,2016/2017,Premier League,20,Sunderland,38,24,29,69,-40,6,6,26
1617,2016/2017,Serie A,1,Juventus,38,91,77,27,50,29,4,5
1617,2016/2017,Serie A,2,Roma,38,87,90,38,52,28,3,7
1617,2016/2017,Serie A,3,Napoli,38,86,94,39,55,26,8,4
1617,2016/2017,Serie A,4,Atalanta,38,72,62,41,21,21,9,8
1617,2016/2017,Serie A,5,Lazio,38,70,74,51,23,21,7,10
1617,2016/2017,Serie A,6,Milan,38,63,57,45,12,18,9,11
1617,2016/2017,Serie A,7,Inter,38,62,72,49,23,19,5,14
1617,2016/2017,Serie A,8,Fiorentina,38,60,63,57,6,16,12,10
1617,2016/2017,Serie A,9,Torino,38,53,71,66,5,13,14,11
1617,2016/2017,Serie A,10,Sampdoria,38,48,49,55,-6,12,12,14
1617,2016/2017,Serie A,11,Cagliari,38,47,55,76,-21,14,5,19
1617,2016/2017,Serie A,12,Sassuolo,38,46,58,63,-5,13,7,18
1617,2016/2017,Serie A,13,Udinese,38,45,47,56,-9,12,9,17
1617,2016/2017,Serie A,14,Chievo,38,43,43,61,-18,12,7,19
1617,2016/2017,Serie A,15,Bologna,38,41,40,58,-18,11,8,19
1617,2016/2017,Serie A,16,Genoa,38,36,38,64,-26,9,9,20
1617,2016/2017,Serie A,17,Crotone,38,34,34,58,-24,9,7,22
1617,2016/2017,Serie A,18,Empoli,38,32,29,61,-32,8,8,22
1617,2016/2017,Serie A,19,Palermo,38,26,33,77,-44,6,8,24
1617,2016/2017,Serie A,20,Pescara,38,18,37,81,-44,3,9,26
1718,2017/2018,Bundesliga,1,Bayern Munich,34,84,92,28,64,27,3,4
1718,2017/2018,Bundesliga,2,Schalke 04,34,63,53,37,16,18,9,7
1718,2017/2018,Bundesliga,3,Hoffenheim,34,55,66,48,18,15,10,9
1718,2017/2018,Bundesliga,4,Dortmund,34,55,64,47,17,15,10,9
1718,2017/2018,Bundesliga,5,Leverkusen,34,55,58,44,14,15,10,9
1718,2017/2018,Bundesliga,6,RB Leipzig,34,53,57,53,4,15,8,11
1718,2017/2018,Bundesliga,7,Stuttgart,34,51,36,36,0,15,6,13
1718,2017/2018,Bundesliga,8,Ein Frankfurt,34,49,45,45,0,14,7,13
1718,2017/2018,Bundesliga,9,M'gladbach,34,47,47,52,-5,13,8,13
1718,2017/2018,Bundesliga,10,Hertha,34,43,43,46,-3,10,13,11
1718,2017/2018,Bundesliga,11,Werder Bremen,34,42,37,40,-3,10,12,12
1718,2017/2018,Bundesliga,12,Augsburg,34,41,43,46,-3,10,11,13
1718,2017/2018,Bundesliga,13,Hannover,34,39,44,54,-10,10,9,15
1718,2017/2018,Bundesliga,14,Mainz,34,36,38,52,-14,9,9,16
1718,2017/2018,Bundesliga,15,Freiburg,34,36,32,56,-24,8,12,14
1718,2017/2018,Bundesliga,16,Wolfsburg,34,33,36,48,-12,6,15,13
1718,2017/2018,Bundesliga,17,Hamburg,34,31,29,53,-24,8,7,19
1718,2017/2018,Bundesliga,18,FC Koln,34,22,35,70,-35,5,7,22
1718,2017/2018,La Liga,1,Barcelona,38,93,99,29,70,28,9,1
1718,2017/2018,La Liga,2,Ath Madrid,38,79,58,22,36,23,10,5
1718,2017/2018,La Liga,3,Real Madrid,38,76,94,44,50,22,10,6
1718,2017/2018,La Liga,4,Valencia,38,73,65,38,27,22,7,9
1718,2017/2018,La Liga,5,Villarreal,38,61,57,50,7,18,7,13
1718,2017/2018,La Liga,6,Betis,38,60,60,61,-1,18,6,14
1718,2017/2018,La Liga,7,Sevilla,38,58,49,58,-9,17,7,14
1718,2017/2018,La Liga,8,Getafe,38,55,42,33,9,15,10,13
1718,2017/2018,La Liga,9,Eibar,38,51,44,50,-6,14,9,15
1718,2017/2018,La Liga,10,Girona,38,51,50,59,-9,14,9,15
1718,2017/2018,La Liga,11,Sociedad,38,49,66,59,7,14,7,17
1718,2017/2018,La Liga,12,Celta,38,49,59,60,-1,13,10,15
1718,2017/2018,La Liga,13,Espanol,38,49,36,42,-6,12,13,13
1718,2017/2018,La Liga,14,Alaves,38,47,40,50,-10,15,2,21
1718,2017/2018,La Liga,15,Levante,38,46,44,58,-14,11,13,14
1718,2017/2018,La Liga,16,Ath Bilbao,38,43,41,49,-8,10,13,15
1718,2017/2018,La Liga,17,Leganes,38,43,34,51,-17,12,7,19
1718,2017/2018,La Liga,18,La Coruna,38,29,38,76,-38,6,11,21
1718,2017/2018,La Liga,19,Las Palmas,38,22,24,74,-50,5,7,26
1718,2017/2018,La Liga,20,Malaga,38,20,24,61,-37,5,5,28
1718,2017/2018,Ligue 1,1,Paris SG,38,93,108,29,79,29,6,3
1718,2017/2018,Ligue 1,2,Monaco,38,80,85,45,40,24,8,6
1718,2017/2018,Ligue 1,3,Lyon,38,78,87,43,44,23,9,6
1718,2017/2018,Ligue 1,4,Marseille,38,77,80,47,33,22,11,5
1718,2017/2018,Ligue 1,5,Rennes,38,58,50,44,6,16,10,12
1718,2017/2018,Ligue 1,6,Bordeaux,38,55,53,48,5,16,7,15
1718,2017/2018,Ligue 1,7,St Etienne,38,55,47,50,-3,15,10,13
1718,2017/2018,Ligue 1,8,Nice,38,54,53,52,1,15,9,14
1718,2017/2018,Ligue 1,9,Nantes,38,52,36,41,-5,14,10,14
1718,2017/2018,Ligue 1,10,Montpellier,38,51,36,33,3,11,18,9
1718,2017/2018,Ligue 1,11,Dijon,38,48,55,73,-18,13,9,16
1718,2017/2018,Ligue 1,12,Guingamp,38,47,48,59,-11,12,11,15
1718,2017/2018,Ligue 1,13,Amiens,38,45,37,42,-5,12,9,17
1718,2017/2018,Ligue 1,14,Angers,38,41,42,52,-10,9,14,15
1718,2017/2018,Ligue 1,15,Strasbourg,38,38,44,67,-23,9,11,18
1718,2017/2018,Ligue 1,16,Caen,38,38,27,52,-25,10,8,20
1718,2017/2018,Ligue 1,17,Lille,38,38,41,67,-26,10,8,20
1718,2017/2018,Ligue 1,18,Toulouse,38,37,38,54,-16,9,10,19
1718,2017/2018,Ligue 1,19,Troyes,38,33,32,59,-27,9,6,23
1718,2017/2018,Ligue 1,20,Metz,38,26,34,76,-42,6,8,24
1718,2017/2018,Premier League,1,Man City,38,100,106,27,79,32,4,2
1718,2017/2018,Premier League,2,Man United,38,81,68,28,40,25,6,7
1718,2017/2018,Premier League,3,Tottenham,38,77,74,36,38,23,8,7
1718,2017/2018,Premier League,4,Liverpool,38,75,84,38,46,21,12,5
1718,2017/2018,Premier League,5,Chelsea,38,70,62,38,24,21,7,10
1718,2017/2018,Premier League,6,Arsenal,38,63,74,51,23,19,6,13
1718,2017/2018,Premier League,7,Burnley,38,54,36,39,-3,14,12,12
1718,2017/2018,Premier League,8,Everton,38,49,44,58,-14,13,10,15
1718,2017/2018,Premier League,9,Leicester,38,47,56,60,-4,12,11,15
1718,2017/2018,Premier League,10,Newcastle,38,44,39,47,-8,12,8,18
1718,2017/2018,Premier League,11,Crystal Palace,38,44,45,55,-10,11,11,16
1718,2017/2018,Premier League,12,Bournemouth,38,44,45,61,-16,11,11,16
1718,2017/2018,Premier League,13,West Ham,38,42,48,68,-20,10,12,16
1718,2017/2018,Premier League,14,Watford,38,41,44,64,-20,11,8,19
1718,2017/2018,Premier League,15,Brighton,38,40,34,54,-20,9,13,16
1718,2017/2018,Premier League,16,Huddersfield,38,37,28,58,-30,9,10,19
1718,2017/2018,Premier League,17,Southampton,38,36,37,56,-19,7,15,16
1718,2017/2018,Premier League,18,Swansea,38,33,28,56,-28,8,9,21
1718,2017/2018,Premier League,19,Stoke,38,33,35,68,-33,7,12,19
1718,2017/2018,Premier League,20,West Brom,38,31,31,56,-25,6,13,19
1718,2017/2018,Serie A,1,Juventus,38,95,86,24,62,30,5,3
1718,2017/2018,Serie A,2,Napoli,38,91,77,29,48,28,7,3
1718,2017/2018,Serie A,3,Roma,38,77,61,28,33,23,8,7
1718,2017/2018,Serie A,4,Lazio,38,72,89,49,40,21,9,8
1718,2017/2018,Serie A,5,Inter,38,72,66,30,36,20,12,6
1718,2017/2018,Serie A,6,Milan,38,64,56,42,14,18,10,10
1718,2017/2018,Serie A,7,Atalanta,38,60,57,39,18,16,12,10
1718,2017/2018,Serie A,8,Fiorentina,38,57,54,46,8,16,9,13
1718,2017/2018,Serie A,9,Torino,38,54,54,46,8,13,15,10
1718,2017/2018,Serie A,10,Sampdoria,38,54,56,60,-4,16,6,16
1718,2017/2018,Serie A,11,Sassuolo,38,43,29,59,-30,11,10,17
1718,2017/2018,Serie A,12,Genoa,38,41,33,43,-10,11,8,19
1718,2017/2018,Serie A,13,Udinese,38,40,48,63,-15,12,4,22
1718,2017/2018,Serie A,14,Chievo,38,40,36,59,-23,10,10,18
1718,2017/2018,Serie A,15,Bologna,38,39,40,52,-12,11,6,21
1718,2017/2018,Serie A,16,Cagliari,38,39,33,61,-28,11,6,21
1718,2017/2018,Serie A,17,Spal,38,38,39,59,-20,8,14,16
1718,2017/2018,Serie A,18,Crotone,38,35,40,66,-26,9,8,21
1718,2017/2018,Serie A,19,Verona,38,25,30,78,-48,7,4,27
1718,2017/2018,Serie A,20,Benevento,38,21,33,84,-51,6,3,29
1819,2018/2019,Bundesliga,1,Bayern Munich,34,78,88,32,56,24,6,4
1819,2018/2019,Bundesliga,2,Dortmund,34,76,81,44,37,23,7,4
1819,2018/2019,Bundesliga,3,RB Leipzig,34,66,63,29,34,19,9,6
1819,2018/2019,Bundesliga,4,Leverkusen,34,58,69,52,17,18,4,12
1819,2018/2019,Bundesliga,5,M'gladbach,34,55,55,42,13,16,7,11
1819,2018/2019,Bundesliga,6,Wolfsburg,34,55,62,50,12,16,7,11
1819,2018/2019,Bundesliga,7,Ein Frankfurt,34,54,60,48,12,15,9,10
1819,2018/2019,Bundesliga,8,Werder Bremen,34,53,58,49,9,14,11,9
1819,2018/2019,Bundesliga,9,Hoffenheim,34,51,70,52,18,13,12,9
1819,2018/2019,Bundesliga,10,Fortuna Dusseldorf,34,44,49,65,-16,13,5,16
1819,2018/2019,Bundesliga,11,Hertha,34,43,49,57,-8,11,10,13
1819,2018/2019,Bundesliga,12,Mainz,34,43,46,57,-11,12,7,15
1819,2018/2019,Bundesliga,13,Freiburg,34,36,46,61,-15,8,12,14
1819,2018/2019,Bundesliga,14,Schalke 04,34,33,37,55,-18,8,9,17
1819,2018/2019,Bundesliga,15,Augsburg,34,32,51,71,-20,8,8,18
1819,2018/2019,Bundesliga,16,Stuttgart,34,28,32,70,-38,7,7,20
1819,2018/2019,Bundesliga,17,Hannover,34,21,31,71,-40,5,6,23
1819,2018/2019,Bundesliga,18,Nurnberg,34,19,26,68,-42,3,10,21
1819,2018/2019,La Liga,1,Barcelona,38,87,90,36,54,26,9,3
1819,2018/2019,La Liga,2,Ath Madrid,38,76,55,29,26,22,10,6
1819,2018/2019,La Liga,3,Real Madrid,38,68,63,46,17,21,5,12
1819,2018/2019,La Liga,4,Valencia,38,61,51,35,16,15,16,7
1819,2018/2019,La Liga,5,Sevilla,38,59,62,47,15,17,8,13
1819,2018/2019,La Liga,6,Getafe,38,59,48,35,13,15,14,9
1819,2018/2019,La Liga,7,Espanol,38,53,48,50,-2,14,11,13
1819,2018/2019,La Liga,8,Ath Bilbao,38,53,41,45,-4,13,14,11
1819,2018/2019,La Liga,9,Sociedad,38,50,45,46,-1,13,11,14
1819,2018/2019,La Liga,10,Betis,38,50,44,52,-8,14,8,16
1819,2018/2019,La Liga,11,Alaves,38,50,39,50,-11,13,11,14
1819,2018/2019,La Liga,12,Eibar,38,47,46,50,-4,11,14,13
1819,2018/2019,La Liga,13,Leganes,38,45,37,43,-6,11,12,15
1819,2018/2019,La Liga,14,Villarreal,38,44,49,52,-3,10,14,14
1819,2018/2019,La Liga,15,Levante,38,44,59,66,-7,11,11,16
1819,2018/2019,La Liga,16,Celta,38,41,53,62,-9,10,11,17
1819,2018/2019,La Liga,17,Valladolid,38,41,32,51,-19,10,11,17
1819,2018/2019,La Liga,18,Girona,38,37,37,53,-16,9,10,19
1819,2018/2019,La Liga,19,Huesca,38,33,43,65,-22,7,12,19
1819,2018/2019,La Liga,20,Vallecano,38,32,41,70,-29,8,8,22
1819,2018/2019,Ligue 1,1,Paris SG,38,91,105,35,70,29,4,5
1819,2018/2019,Ligue 1,2,Lille,38,75,68,33,35,22,9,7
1819,2018/2019,Ligue 1,3,Lyon,38,72,70,47,23,21,9,8
1819,2018/2019,Ligue 1,4,St Etienne,38,66,59,41,18,19,9,10
1819,2018/2019,Ligue 1,5,Marseille,38,61,60,52,8,18,7,13
1819,2018/2019,Ligue 1,6,Montpellier,38,59,53,42,11,15,14,9
1819,2018/2019,Ligue 1,7,Nice,38,56,30,35,-5,15,11,12
1819,2018/2019,Ligue 1,8,Reims,38,55,39,42,-3,13,16,9
1819,2018/2019,Ligue 1,9,Nimes,38,53,57,58,-1,15,8,15
1819,2018/2019,Ligue 1,10,Rennes,38,52,55,52,3,13,13,12
1819,2018/2019,Ligue 1,11,Strasbourg,38,49,58,48,10,11,16,11
1819,2018/2019,Ligue 1,12,Nantes,38,48,48,48,0,13,9,16
1819,2018/2019,Ligue 1,13,Angers,38,46,44,49,-5,10,16,12
1819,2018/2019,Ligue 1,14,Bordeaux,38,41,34,42,-8,10,11,17
1819,2018/2019,Ligue 1,15,Amiens,38,38,31,52,-21,9,11,18
1819,2018/2019,Ligue 1,16,Toulouse,38,38,35,57,-22,8,14,16
1819,2018/2019,Ligue 1,17,Monaco,38,36,38,57,-19,8,12,18
1819,2018/2019,Ligue 1,18,Dijon,38,34,31,60,-29,9,7,22
1819,2018/2019,Ligue 1,19,Caen,38,33,29,54,-25,7,12,19
1819,2018/2019,Ligue 1,20,Guingamp,38,27,28,68,-40,5,12,21
1819,2018/2019,Premier League,1,Man City,38,98,95,23,72,32,2,4
1819,2018/2019,Premier League,2,Liverpool,38,97,89,22,67,30,7,1
1819,2018/2019,Premier League,3,Chelsea,38,72,63,39,24,21,9,8
1819,2018/2019,Premier League,4,Tottenham,38,71,67,39,28,23,2,13
1819,2018/2019,Premier League,5,Arsenal,38,70,73,51,22,21,7,10
1819,2018/2019,Premier League,6,Man United,38,66,65,54,11,19,9,10
1819,2018/2019,Premier League,7,Wolves,38,57,47,46,1,16,9,13
1819,2018/2019,Premier League,8,Everton,38,54,54,46,8,15,9,14
1819,2018/2019,Premier League,9,Leicester,38,52,51,48,3,15,7,16
1819,2018/2019,Premier League,10,West Ham,38,52,52,55,-3,15,7,16
1819,2018/2019,Premier League,11,Watford,38,50,52,59,-7,14,8,16
1819,2018/2019,Premier League,12,Crystal Palace,38,49,51,53,-2,14,7,17
1819,2018/2019,Premier League,13,Newcastle,38,45,42,48,-6,12,9,17
1819,2018/2019,Premier League,14,Bournemouth,38,45,56,70,-14,13,6,19
1819,2018/2019,Premier League,15,Burnley,38,40,45,68,-23,11,7,20
1819,2018/2019,Premier League,16,Southampton,38,39,45,65,-20,9,12,17
1819,2018/2019,Premier League,17,Brighton,38,36,35,60,-25,9,9,20
1819,2018/2019,Premier League,18,Cardiff,38,34,34,69,-35,10,4,24
1819,2018/2019,Premier League,19,Fulham,38,26,34,81,-47,7,5,26
1819,2018/2019,Premier League,20,Huddersfield,38,16,22,76,-54,3,7,28
1819,2018/2019,Serie A,1,Juventus,38,90,70,30,40,28,6,4
1819,2018/2019,Serie A,2,Napoli,38,79,74,36,38,24,7,7
1819,2018/2019,Serie A,3,Atalanta,38,69,77,46,31,20,9,9
1819,2018/2019,Serie A,4,Inter,38,69,57,33,24,20,9,9
1819,2018/2019,Serie A,5,Milan,38,68,55,36,19,19,11,8
1819,2018/2019,Serie A,6,Roma,38,66,66,48,18,18,12,8
1819,2018/2019,Serie A,7,Torino,38,63,52,37,15,16,15,7
1819,2018/2019,Serie A,8,Lazio,38,59,56,46,10,17,8,13
1819,2018/2019,Serie A,9,Sampdoria,38,53,60,51,9,15,8,15
1819,2018/2019,Serie A,10,Bologna,38,44,48,56,-8,11,11,16
1819,2018/2019,Serie A,11,Sassuolo,38,43,53,60,-7,9,16,13
1819,2018/2019,Serie A,12,Udinese,38,43,39,53,-14,11,10,17
1819,2018/2019,Serie A,13,Spal,38,42,44,56,-12,11,9,18
1819,2018/2019,Serie A,14,Fiorentina,38,41,47,45,2,8,17,13
1819,2018/2019,Serie A,15,Cagliari,38,41,36,54,-18,10,11,17
1819,2018/2019,Serie A,16,Parma,38,41,41,61,-20,10,11,17
1819,2018/2019,Serie A,17,Genoa,38,38,39,57,-18,8,14,16
1819,2018/2019,Serie A,18,Empoli,38,38,51,70,-19,10,8,20
1819,2018/2019,Serie A,19,Frosinone,38,25,29,69,-40,5,10,23
1819,2018/2019,Serie A,20,Chievo,38,20,25,75,-50,2,14,22
1920,2019/2020,Bundesliga,1,Bayern Munich,34,82,100,32,68,26,4,4
1920,2019/2020,Bundesliga,2,Dortmund,34,69,84,41,43,21,6,7
1920,2019/2020,Bundesliga,3,RB Leipzig,34,66,81,37,44,18,12,4
1920,2019/2020,Bundesliga,4,M'gladbach,34,65,66,40,26,20,5,9
1920,2019/2020,Bundesliga,5,Leverkusen,34,63,61,44,17,19,6,9
1920,2019/2020,Bundesliga,6,Hoffenheim,34,52,53,53,0,15,7,12
1920,2019/2020,Bundesliga,7,Wolfsburg,34,49,48,46,2,13,10,11
1920,2019/2020,Bundesliga,8,Freiburg,34,48,48,47,1,13,9,12
1920,2019/2020,Bundesliga,9,Ein Frankfurt,34,45,59,60,-1,13,6,15
1920,2019/2020,Bundesliga,10,Hertha,34,41,48,59,-11,11,8,15
1920,2019/2020,Bundesliga,11,Union Berlin,34,41,41,58,-17,12,5,17
1920,2019/2020,Bundesliga,12,Schalke 04,34,39,38,58,-20,9,12,13
1920,2019/2020,Bundesliga,13,Mainz,34,37,44,65,-21,11,4,19
1920,2019/2020,Bundesliga,14,FC Koln,34,36,51,69,-18,10,6,18
1920,2019/2020,Bundesliga,15,Augsburg,34,36,45,63,-18,9,9,16
1920,2019/2020,Bundesliga,16,Werder Bremen,34,31,42,69,-27,8,7,19
1920,2019/2020,Bundesliga,17,Fortuna Dusseldorf,34,30,36,67,-31,6,12,16
1920,2019/2020,Bundesliga,18,Paderborn,34,20,37,74,-37,4,8,22
1920,2019/2020,La Liga,1,Real Madrid,38,87,70,25,45,26,9,3
1920,2019/2020,La Liga,2,Barcelona,38,82,86,38,48,25,7,6
1920,2019/2020,La Liga,3,Ath Madrid,38,70,51,27,24,18,16,4
1920,2019/2020,La Liga,4,Sevilla,38,70,54,34,20,19,13,6
1920,2019/2020,La Liga,5,Villarreal,38,60,63,49,14,18,6,14
1920,2019/2020,La Liga,6,Sociedad,38,56,56,48,8,16,8,14
1920,2019/2020,La Liga,7,Granada,38,56,52,45,7,16,8,14
1920,2019/2020,La Liga,8,Getafe,38,54,43,37,6,14,12,12
1920,2019/2020,La Liga,9,Valencia,38,53,46,53,-7,14,11,13
1920,2019/2020,La Liga,10,Osasuna,38,52,46,54,-8,13,13,12
1920,2019/2020,La Liga,11,Ath Bilbao,38,51,41,38,3,13,12,13
1920,2019/2020,La Liga,12,Levante,38,49,47,53,-6,14,7,17
1920,2019/2020,La Liga,13,Valladolid,38,42,32,43,-11,9,15,14
1920,2019/2020,La Liga,14,Eibar,38,42,39,56,-17,11,9,18
1920,2019/2020,La Liga,15,Betis,38,41,48,60,-12,10,11,17
1920,2019/2020,La Liga,16,Alaves,38,39,34,59,-25,10,9,19
1920,2019/2020,La Liga,17,Celta,38,37,37,49,-12,7,16,15
1920,2019/2020,La Liga,18,Leganes,38,36,30,51,-21,8,12,18
1920,2019/2020,La Liga,19,Mallorca,38,33,40,65,-25,9,6,23
1920,2019/2020,La Liga,20,Espanol,38,25,27,58,-31,5,10,23
1920,2019/2020,Ligue 1,1,Paris SG,27,68,75,24,51,22,2,3
1920,2019/2020,Ligue 1,2,Marseille,28,56,41,29,12,16,8,4
1920,2019/2020,Ligue 1,3,Rennes,28,50,38,24,14,15,5,8
1920,2019/2020,Ligue 1,4,Lille,28,49,35,27,8,15,4,9
1920,2019/2020,Ligue 1,5,Reims,28,41,26,21,5,10,11,7
1920,2019/2020,Ligue 1,6,Nice,28,41,41,38,3,11,8,9
1920,2019/2020,Ligue 1,7,Lyon,28,40,42,27,15,11,7,10
1920,2019/2020,Ligue 1,8,Montpellier,28,40,35,34,1,11,7,10
1920,2019/2020,Ligue 1,9,Monaco,28,40,44,44,0,11,7,10
1920,2019/2020,Ligue 1,10,Angers,28,39,28,33,-5,11,6,11
1920,2019/2020,Ligue 1,11,Strasbourg,27,38,32,32,0,11,5,11
1920,2019/2020,Ligue 1,12,Bordeaux,28,37,40,34,6,9,10,9
1920,2019/2020,Ligue 1,13,Nantes,28,37,28,31,-3,11,4,13
1920,2019/2020,Ligue 1,14,Brest,28,34,34,37,-3,8,10,10
1920,2019/2020,Ligue 1,15,Metz,28,34,27,35,-8,8,10,10
1920,2019/2020,Ligue 1,16,Dijon,28,30,27,37,-10,7,9,12
1920,2019/2020,Ligue 1,17,St Etienne,28,30,29,45,-16,8,6,14
1920,2019/2020,Ligue 1,18,Nimes,28,27,29,44,-15,7,6,15
1920,2019/2020,Ligue 1,19,Amiens,28,23,31,50,-19,4,11,13
1920,2019/2020,Ligue 1,20,Toulouse,28,13,22,58,-36,3,4,21
1920,2019/2020,Premier League,1,Liverpool,38,99,85,33,52,32,3,3
1920,2019/2020,Premier League,2,Man City,38,81,102,35,67,26,3,9
1920,2019/2020,Premier League,3,Man United,38,66,66,36,30,18,12,8
1920,2019/2020,Premier League,4,Chelsea,38,66,69,54,15,20,6,12
1920,2019/2020,Premier League,5,Leicester,38,62,67,41,26,18,8,12
1920,2019/2020,Premier League,6,Tottenham,38,59,61,47,14,16,11,11
1920,2019/2020,Premier League,7,Wolves,38,59,51,40,11,15,14,9
1920,2019/2020,Premier League,8,Arsenal,38,56,56,48,8,14,14,10
1920,2019/2020,Premier League,9,Sheffield United,38,54,39,39,0,14,12,12
1920,2019/2020,Premier League,10,Burnley,38,54,43,50,-7,15,9,14
1920,2019/2020,Premier League,11,Southampton,38,52,51,60,-9,15,7,16
1920,2019/2020,Premier League,12,Everton,38,49,44,56,-12,13,10,15
1920,2019/2020,Premier League,13,Newcastle,38,44,38,58,-20,11,11,16
1920,2019/2020,Premier League,14,Crystal Palace,38,43,31,50,-19,11,10,17
1920,2019/2020,Premier League,15,Brighton,38,41,39,54,-15,9,14,15
1920,2019/2020,Premier League,16,West Ham,38,39,49,62,-13,10,9,19
1920,2019/2020,Premier League,17,Aston Villa,38,35,41,67,-26,9,8,21
1920,2019/2020,Premier League,18,Bournemouth,38,34,40,65,-25,9,7,22
1920,2019/2020,Premier League,19,Watford,38,34,36,64,-28,8,10,20
1920,2019/2020,Premier League,20,Norwich,38,21,26,75,-49,5,6,27
1920,2019/2020,Serie A,1,Juventus,38,83,76,43,33,26,5,7
1920,2019/2020,Serie A,2,Inter,38,82,81,36,45,24,10,4
1920,2019/2020,Serie A,3,Atalanta,38,78,98,48,50,23,9,6
1920,2019/2020,Serie A,4,Lazio,38,78,79,42,37,24,6,8
1920,2019/2020,Serie A,5,Roma,38,70,77,51,26,21,7,10
1920,2019/2020,Serie A,6,Milan,38,66,63,46,17,19,9,10
1920,2019/2020,Serie A,7,Napoli,38,62,61,50,11,18,8,12
1920,2019/2020,Serie A,8,Sassuolo,38,51,69,63,6,14,9,15
1920,2019/2020,Serie A,9,Fiorentina,38,49,51,48,3,12,13,13
1920,2019/2020,Serie A,10,Parma,38,49,56,57,-1,14,7,17
1920,2019/2020,Serie A,11,Verona,38,49,47,51,-4,12,13,13
1920,2019/2020,Serie A,12,Bologna,38,47,52,65,-13,12,11,15
1920,2019/2020,Serie A,13,Cagliari,38,45,52,56,-4,11,12,15
1920,2019/2020,Serie A,14,Udinese,38,45,37,51,-14,12,9,17
1920,2019/2020,Serie A,15,Sampdoria,38,42,48,65,-17,12,6,20
1920,2019/2020,Serie A,16,Torino,38,40,46,68,-22,11,7,20
1920,2019/2020,Serie A,17,Genoa,38,39,47,73,-26,10,9,19
1920,2019/2020,Serie A,18,Lecce,38,35,52,85,-33,9,8,21
1920,2019/2020,Serie A,19,Brescia,38,25,35,79,-44,6,7,25
1920,2019/2020,Serie A,20,Spal,38,20,27,77,-50,5,5,28
2021,2020/2021,Bundesliga,1,Bayern Munich,34,78,99,44,55,24,6,4
2021,2020/2021,Bundesliga,2,RB Leipzig,34,65,60,32,28,19,8,7
2021,2020/2021,Bundesliga,3,Dortmund,34,64,75,46,29,20,4,10
2021,2020/2021,Bundesliga,4,Wolfsburg,34,61,61,37,24,17,10,7
2021,2020/2021,Bundesliga,5,Ein Frankfurt,34,60,69,53,16,16,12,6
2021,2020/2021,Bundesliga,6,Leverkusen,34,52,53,39,14,14,10,10
2021,2020/2021,Bundesliga,7,Union Berlin,34,50,50,43,7,12,14,8
2021,2020/2021,Bundesliga,8,M'gladbach,34,49,64,56,8,13,10,11
2021,2020/2021,Bundesliga,9,Stuttgart,34,45,56,55,1,12,9,13
2021,2020/2021,Bundesliga,10,Freiburg,34,45,52,52,0,12,9,13
2021,2020/2021,Bundesliga,11,Hoffenheim,34,43,52,54,-2,11,10,13
2021,2020/2021,Bundesliga,12,Mainz,34,39,39,56,-17,10,9,15
2021,2020/2021,Bundesliga,13,Augsburg,34,36,36,54,-18,10,6,18
2021,2020/2021,Bundesliga,14,Hertha,34,35,41,52,-11,8,11,15
2021,2020/2021,Bundesliga,15,Bielefeld,34,35,26,52,-26,9,8,17
2021,2020/2021,Bundesliga,16,FC Koln,34,33,34,60,-26,8,9,17
2021,2020/2021,Bundesliga,17,Werder Bremen,34,31,36,57,-21,7,10,17
2021,2020/2021,Bundesliga,18,Schalke 04,34,16,25,86,-61,3,7,24
2021,2020/2021,La Liga,1,Ath Madrid,38,86,67,25,42,26,8,4
2021,2020/2021,La Liga,2,Real Madrid,38,84,67,28,39,25,9,4
2021,2020/2021,La Liga,3,Barcelona,38,79,85,38,47,24,7,7
2021,2020/2021,La Liga,4,Sevilla,38,77,53,33,20,24,5,9
2021,2020/2021,La Liga,5,Sociedad,38,62,59,38,21,17,11,10
2021,2020/2021,La Liga,6,Betis,38,61,50,50,0,17,10,11
2021,2020/2021,La Liga,7,Villarreal,38,58,60,44,16,15,13,10
2021,2020/2021,La Liga,8,Celta,38,53,55,57,-2,14,11,13
2021,2020/2021,La Liga,9,Ath Bilbao,38,46,46,42,4,11,13,14
2021,2020/2021,La Liga,10,Granada,38,46,47,65,-18,13,7,18
2021,2020/2021,La Liga,11,Osasuna,38,44,37,48,-11,11,11,16
2021,2020/2021,La Liga,12,Cadiz,38,44,36,58,-22,11,11,16
2021,2020/2021,La Liga,13,Valencia,38,43,50,53,-3,10,13,15
2021,2020/2021,La Liga,14,Levante,38,41,46,57,-11,9,14,15
2021,2020/2021,La Liga,15,Getafe,38,38,28,43,-15,9,11,18
2021,2020/2021,La Liga,16,Alaves,38,38,36,57,-21,9,11,18
2021,2020/2021,La Liga,17,Elche,38,36,34,55,-21,8,12,18
2021,2020/2021,La Liga,18,Huesca,38,34,34,53,-19,7,13,18
2021,2020/2021,La Liga,19,Valladolid,38,31,34,57,-23,5,16,17
2021,2020/2021,La Liga,20,Eibar,38,30,29,52,-23,6,12,20
2021,2020/2021,Ligue 1,1,Lille,38,83,64,23,41,24,11,3
2021,2020/2021,Ligue 1,2,Paris SG,38,82,86,28,58,26,4,8
2021,2020/2021,Ligue 1,3,Monaco,38,78,76,42,34,24,6,8
2021,2020/2021,Ligue 1,4,Lyon,38,76,81,43,38,22,10,6
2021,2020/2021,Ligue 1,5,Marseille,38,60,54,47,7,16,12,10
2021,2020/2021,Ligue 1,6,Rennes,38,58,52,40,12,16,10,12
2021,2020/2021,Ligue 1,7,Lens,38,57,55,54,1,15,12,11
2021,2020/2021,Ligue 1,8,Montpellier,38,54,60,62,-2,14,12,12
2021,2020/2021,Ligue 1,9,Nice,38,52,50,53,-3,15,7,16
2021,2020/2021,Ligue 1,10,Metz,38,47,44,48,-4,12,11,15
2021,2020/2021,Ligue 1,11,St Etienne,38,46,42,54,-12,12,10,16
2021,2020/2021,Ligue 1,12,Bordeaux,38,45,42,56,-14,13,6,19
2021,2020/2021,Ligue 1,13,Angers,38,44,40,58,-18,12,8,18
2021,2020/2021,Ligue 1,14,Reims,38,42,42,50,-8,9,15,14
2021,2020/2021,Ligue 1,15,Strasbourg,38,42,49,58,-9,11,9,18
2021,2020/2021,Ligue 1,16,Lorient,38,42,50,68,-18,11,9,18
2021,2020/2021,Ligue 1,17,Brest,38,41,50,66,-16,11,8,19
2021,2020/2021,Ligue 1,18,Nantes,38,40,47,55,-8,9,13,16
2021,2020/2021,Ligue 1,19,Nimes,38,35,40,71,-31,9,8,21
2021,2020/2021,Ligue 1,20,Dijon,38,21,25,73,-48,4,9,25
2021,2020/2021,Premier League,1,Man City,38,86,83,32,51,27,5,6
2021,2020/2021,Premier League,2,Man United,38,74,73,44,29,21,11,6
2021,2020/2021,Premier League,3,Liverpool,38,69,68,42,26,20,9,9
2021,2020/2021,Premier League,4,Chelsea,38,67,58,36,22,19,10,9
2021,2020/2021,Premier League,5,Leicester,38,66,68,50,18,20,6,12
2021,2020/2021,Premier League,6,West Ham,38,65,62,47,15,19,8,11
2021,2020/2021,Premier League,7,Tottenham,38,62,68,45,23,18,8,12
2021,2020/2021,Premier League,8,Arsenal,38,61,55,39,16,18,7,13
2021,2020/2021,Premier League,9,Leeds,38,59,62,54,8,18,5,15
2021,2020/2021,Premier League,10,Everton,38,59,47,48,-1,17,8,13
2021,2020/2021,Premier League,11,Aston Villa,38,55,55,46,9,16,7,15
2021,2020/2021,Premier League,12,Newcastle,38,45,46,62,-16,12,9,17
2021,2020/2021,Premier League,13,Wolves,38,45,36,52,-16,12,9,17
2021,2020/2021,Premier League,14,Crystal Palace,38,44,41,66,-25,12,8,18
2021,2020/2021,Premier League,15,Southampton,38,43,47,68,-21,12,7,19
2021,2020/2021,Premier League,16,Brighton,38,41,40,46,-6,9,14,15
2021,2020/2021,Premier League,17,Burnley,38,39,33,55,-22,10,9,19
2021,2020/2021,Premier League,18,Fulham,38,28,27,53,-26,5,13,20
2021,2020/2021,Premier League,19,West Brom,38,26,35,76,-41,5,11,22
2021,2020/2021,Premier League,20,Sheffield United,38,23,20,63,-43,7,2,29
2021,2020/2021,Serie A,1,Inter,38,91,89,35,54,28,7,3
2021,2020/2021,Serie A,2,Milan,38,79,74,41,33,24,7,7
2021,2020/2021,Serie A,3,Atalanta,38,78,90,47,43,23,9,6
2021,2020/2021,Serie A,4,Juventus,38,78,77,38,39,23,9,6
2021,2020/2021,Serie A,5,Napoli,38,77,86,41,45,24,5,9
2021,2020/2021,Serie A,6,Lazio,38,68,61,55,6,21,5,12
2021,2020/2021,Serie A,7,Roma,38,63,68,55,13,18,9,11
2021,2020/2021,Serie A,8,Sassuolo,38,62,64,56,8,17,11,10
2021,2020/2021,Serie A,9,Sampdoria,38,52,52,54,-2,15,7,16
2021,2020/2021,Serie A,10,Verona,38,43,43,48,-5,10,13,15
2021,2020/2021,Serie A,11,Genoa,38,42,47,58,-11,10,12,16
2021,2020/2021,Serie A,12,Bologna,38,41,51,65,-14,10,11,17
2021,2020/2021,Serie A,13,Fiorentina,38,40,47,59,-12,9,13,16
2021,2020/2021,Serie A,14,Udinese,38,40,42,58,-16,10,10,18
2021,2020/2021,Serie A,15,Spezia,38,39,52,72,-20,9,12,17
2021,2020/2021,Serie A,16,Cagliari,38,37,43,59,-16,9,10,19
2021,2020/2021,Serie A,17,Torino,38,37,50,69,-19,7,16,15
2021,2020/2021,Serie A,18,Benevento,38,33,40,75,-35,7,12,19
2021,2020/2021,Serie A,19,Crotone,38,23,45,92,-47,6,5,27
2021,2020/2021,Serie A,20,Parma,38,20,39,83,-44,3,11,24
2122,2021/2022,Bundesliga,1,Bayern Munich,34,77,97,37,60,24,5,5
2122,2021/2022,Bundesliga,2,Dortmund,34,69,85,52,33,22,3,9
2122,2021/2022,Bundesliga,3,Leverkusen,34,64,80,47,33,19,7,8
2122,2021/2022,Bundesliga,4,RB Leipzig,34,58,72,37,35,17,7,10
2122,2021/2022,Bundesliga,5,Union Berlin,34,57,50,44,6,16,9,9
2122,2021/2022,Bundesliga,6,Freiburg,34,55,58,46,12,15,10,9
2122,2021/2022,Bundesliga,7,FC Koln,34,52,52,49,3,14,10,10
2122,2021/2022,Bundesliga,8,Mainz,34,46,50,45,5,13,7,14
2122,2021/2022,Bundesliga,9,Hoffenheim,34,46,58,60,-2,13,7,14
2122,2021/2022,Bundesliga,10,M'gladbach,34,45,54,61,-7,12,9,13
2122,2021/2022,Bundesliga,11,Ein Frankfurt,34,42,45,49,-4,10,12,12
2122,2021/2022,Bundesliga,12,Wolfsburg,34,42,43,54,-11,12,6,16
2122,2021/2022,Bundesliga,13,Bochum,34,42,38,52,-14,12,6,16
2122,2021/2022,Bundesliga,14,Augsburg,34,38,39,56,-17,10,8,16
2122,2021/2022,Bundesliga,15,Stuttgart,34,33,41,59,-18,7,12,15
2122,2021/2022,Bundesliga,16,Hertha,34,33,37,71,-34,9,6,19
2122,2021/2022,Bundesliga,17,Bielefeld,34,28,27,53,-26,5,13,16
2122,2021/2022,Bundesliga,18,Greuther Furth,34,18,28,82,-54,3,9,22
2122,2021/2022,La Liga,1,Real Madrid,38,86,80,31,49,26,8,4
2122,2021/2022,La Liga,2,Barcelona,38,73,68,38,30,21,10,7
2122,2021/2022,La Liga,3,Ath Madrid,38,71,65,43,22,21,8,9
2122,2021/2022,La Liga,4,Sevilla,38,70,53,30,23,18,16,4
2122,2021/2022,La Liga,5,Betis,38,65,62,40,22,19,8,11
2122,2021/2022,La Liga,6,Sociedad,38,62,40,37,3,17,11,10
2122,2021/2022,La Liga,7,Villarreal,38,59,63,37,26,16,11,11
2122,2021/2022,La Liga,8,Ath Bilbao,38,55,43,36,7,14,13,11
2122,2021/2022,La Liga,9,Valencia,38,48,48,53,-5,11,15,12
2122,2021/2022,La Liga,10,Osasuna,38,47,37,51,-14,12,11,15
2122,2021/2022,La Liga,11,Celta,38,46,43,43,0,12,10,16
2122,2021/2022,La Liga,12,Vallecano,38,42,39,50,-11,11,9,18
2122,2021/2022,La Liga,13,Elche,38,42,40,52,-12,11,9,18
2122,2021/2022,La Liga,14,Espanol,38,42,40,53,-13,10,12,16
2122,2021/2022,La Liga,15,Getafe,38,39,33,41,-8,8,15,15
2122,2021/2022,La Liga,16,Cadiz,38,39,35,51,-16,8,15,15
2122,2021/2022,La Liga,17,Mallorca,38,39,36,63,-27,10,9,19
2122,2021/2022,La Liga,18,Granada,38,38,44,61,-17,8,14,16
2122,2021/2022,La Liga,19,Levante,38,35,51,76,-25,8,11,19
2122,2021/2022,La Liga,20,Alaves,38,31,31,65,-34,8,7,23
2122,2021/2022,Ligue 1,1,Paris SG,38,86,90,36,54,26,8,4
2122,2021/2022,Ligue 1,2,Marseille,38,71,63,38,25,21,8,9
2122,2021/2022,Ligue 1,3,Monaco,38,69,65,40,25,20,9,9
2122,2021/2022,Ligue 1,4,Nice,38,67,52,36,16,20,7,11
2122,2021/2022,Ligue 1,5,Rennes,38,66,82,40,42,20,6,12
2122,2021/2022,Ligue 1,6,Strasbourg,38,63,60,43,17,17,12,9
2122,2021/2022,Ligue 1,7,Lyon,38,62,66,51,15,17,11,10
2122,2021/2022,Ligue 1,8,Lens,38,62,62,48,14,17,11,10
2122,2021/2022,Ligue 1,9,Nantes,38,55,55,48,7,15,10,13
2122,2021/2022,Ligue 1,10,Lille,38,55,48,48,0,14,13,11
2122,2021/2022,Ligue 1,11,Brest,38,48,49,57,-8,13,9,16
2122,2021/2022,Ligue 1,12,Reims,38,46,43,44,-1,11,13,14
2122,2021/2022,Ligue 1,13,Montpellier,38,43,49,61,-12,12,7,19
2122,2021/2022,Ligue 1,14,Angers,38,41,44,55,-11,10,11,17
2122,2021/2022,Ligue 1,15,Troyes,38,38,37,53,-16,9,11,18
2122,2021/2022,Ligue 1,16,Lorient,38,36,35,63,-28,8,12,18
2122,2021/2022,Ligue 1,17,Clermont,38,36,38,69,-31,9,9,20
2122,2021/2022,Ligue 1,18,St Etienne,38,32,42,77,-35,7,11,20
2122,2021/2022,Ligue 1,19,Metz,38,31,35,69,-34,6,13,19
2122,2021/2022,Ligue 1,20,Bordeaux,38,31,52,91,-39,6,13,19
2122,2021/2022,Premier League,1,Man City,38,93,99,26,73,29,6,3
2122,2021/2022,Premier League,2,Liverpool,38,92,94,26,68,28,8,2
2122,2021/2022,Premier League,3,Chelsea,38,74,76,33,43,21,11,6
2122,2021/2022,Premier League,4,Tottenham,38,71,69,40,29,22,5,11
2122,2021/2022,Premier League,5,Arsenal,38,69,61,48,13,22,3,13
2122,2021/2022,Premier League,6,Man United,38,58,57,57,0,16,10,12
2122,2021/2022,Premier League,7,West Ham,38,56,60,51,9,16,8,14
2122,2021/2022,Premier League,8,Leicester,38,52,62,59,3,14,10,14
2122,2021/2022,Premier League,9,Brighton,38,51,42,44,-2,12,15,11
2122,2021/2022,Premier League,10,Wolves,38,51,38,43,-5,15,6,17
2122,2021/2022,Premier League,11,Newcastle,38,49,44,62,-18,13,10,15
2122,2021/2022,Premier League,12,Crystal Palace,38,48,50,46,4,11,15,12
2122,2021/2022,Premier League,13,Brentford,38,46,48,56,-8,13,7,18
2122,2021/2022,Premier League,14,Aston Villa,38,45,52,54,-2,13,6,19
2122,2021/2022,Premier League,15,Southampton,38,40,43,67,-24,9,13,16
2122,2021/2022,Premier League,16,Everton,38,39,43,66,-23,11,6,21
2122,2021/2022,Premier League,17,Leeds,38,38,42,79,-37,9,11,18
2122,2021/2022,Premier League,18,Burnley,38,35,34,53,-19,7,14,17
2122,2021/2022,Premier League,19,Watford,38,23,34,77,-43,6,5,27
2122,2021/2022,Premier League,20,Norwich,38,22,23,84,-61,5,7,26
2122,2021/2022,Serie A,1,Milan,38,86,69,31,38,26,8,4
2122,2021/2022,Serie A,2,Inter,38,84,84,32,52,25,9,4
2122,2021/2022,Serie A,3,Napoli,38,79,74,31,43,24,7,7
2122,2021/2022,Serie A,4,Juventus,38,70,57,37,20,20,10,8
2122,2021/2022,Serie A,5,Lazio,38,64,77,58,19,18,10,10
2122,2021/2022,Serie A,6,Roma,38,63,59,43,16,18,9,11
2122,2021/2022,Serie A,7,Fiorentina,38,62,59,51,8,19,5,14
2122,2021/2022,Serie A,8,Atalanta,38,59,65,48,17,16,11,11
2122,2021/2022,Serie A,9,Verona,38,53,65,59,6,14,11,13
2122,2021/2022,Serie A,10,Torino,38,50,46,41,5,13,11,14
2122,2021/2022,Serie A,11,Sassuolo,38,50,64,66,-2,13,11,14
2122,2021/2022,Serie A,12,Udinese,38,47,61,58,3,11,14,13
2122,2021/2022,Serie A,13,Bologna,38,46,44,55,-11,12,10,16
2122,2021/2022,Serie A,14,Empoli,38,41,50,70,-20,10,11,17
2122,2021/2022,Serie A,15,Sampdoria,38,36,46,63,-17,10,6,22
2122,2021/2022,Serie A,16,Spezia,38,36,41,71,-30,10,6,22
2122,2021/2022,Serie A,17,Salernitana,38,31,33,78,-45,7,10,21
2122,2021/2022,Serie A,18,Cagliari,38,30,34,68,-34,6,12,20
2122,2021/2022,Serie A,19,Genoa,38,28,27,60,-33,4,16,18
2122,2021/2022,Serie A,20,Venezia,38,27,34,69,-35,6,9,23
2223,2022/2023,Bundesliga,1,Bayern Munich,34,71,92,38,54,21,8,5
2223,2022/2023,Bundesliga,2,Dortmund,34,71,83,44,39,22,5,7
2223,2022/2023,Bundesliga,3,RB Leipzig,34,66,64,41,23,20,6,8
2223,2022/2023,Bundesliga,4,Union Berlin,34,62,51,38,13,18,8,8
2223,2022/2023,Bundesliga,5,Freiburg,34,59,51,44,7,17,8,9
2223,2022/2023,Bundesliga,6,Leverkusen,34,50,57,49,8,14,8,12
2223,2022/2023,Bundesliga,7,Ein Frankfurt,34,50,58,52,6,13,11,10
2223,2022/2023,Bundesliga,8,Wolfsburg,34,49,57,48,9,13,10,11
2223,2022/2023,Bundesliga,9,Mainz,34,46,54,55,-1,12,10,12
2223,2022/2023,Bundesliga,10,M'gladbach,34,43,52,55,-3,11,10,13
2223,2022/2023,Bundesliga,11,FC Koln,34,42,49,54,-5,10,12,12
2223,2022/2023,Bundesliga,12,Hoffenheim,34,36,48,57,-9,10,6,18
2223,2022/2023,Bundesliga,13,Werder Bremen,34,36,51,64,-13,10,6,18
2223,2022/2023,Bundesliga,14,Bochum,34,35,40,72,-32,10,5,19
2223,2022/2023,Bundesliga,15,Augsburg,34,34,42,63,-21,9,7,18
2223,2022/2023,Bundesliga,16,Stuttgart,34,33,45,57,-12,7,12,15
2223,2022/2023,Bundesliga,17,Schalke 04,34,31,35,71,-36,7,10,17
2223,2022/2023,Bundesliga,18,Hertha,34,29,42,69,-27,7,8,19
2223,2022/2023,La Liga,1,Barcelona,38,88,70,20,50,28,4,6
2223,2022/2023,La Liga,2,Real Madrid,38,78,75,36,39,24,6,8
2223,2022/2023,La Liga,3,Ath Madrid,38,77,70,33,37,23,8,7
2223,2022/2023,La Liga,4,Sociedad,38,71,51,35,16,21,8,9
2223,2022/2023,La Liga,5,Villarreal,38,64,59,40,19,19,7,12
2223,2022/2023,La Liga,6,Betis,38,60,46,41,5,17,9,12
2223,2022/2023,La Liga,7,Osasuna,38,53,37,42,-5,15,8,15
2223,2022/2023,La Liga,8,Ath Bilbao,38,51,47,43,4,14,9,15
2223,2022/2023,La Liga,9,Mallorca,38,50,37,43,-6,14,8,16
2223,2022/2023,La Liga,10,Girona,38,49,58,55,3,13,10,15
2223,2022/2023,La Liga,11,Sevilla,38,49,47,54,-7,13,10,15
2223,2022/2023,La Liga,12,Vallecano,38,49,45,53,-8,13,10,15
2223,2022/2023,La Liga,13,Celta,38,43,43,53,-10,11,10,17
2223,2022/2023,La Liga,14,Valencia,38,42,42,45,-3,11,9,18
2223,2022/2023,La Liga,15,Getafe,38,42,34,45,-11,10,12,16
2223,2022/2023,La Liga,16,Cadiz,38,42,30,53,-23,10,12,16
2223,2022/2023,La Liga,17,Almeria,38,41,49,65,-16,11,8,19
2223,2022/2023,La Liga,18,Valladolid,38,40,33,63,-30,11,7,20
2223,2022/2023,La Liga,19,Espanol,38,37,52,69,-17,8,13,17
2223,2022/2023,La Liga,20,Elche,38,25,30,67,-37,5,10,23
2223,2022/2023,Ligue 1,1,Paris SG,38,85,89,40,49,27,4,7
2223,2022/2023,Ligue 1,2,Lens,38,84,68,29,39,25,9,4
2223,2022/2023,Ligue 1,3,Marseille,38,73,67,40,27,22,7,9
2223,2022/2023,Ligue 1,4,Rennes,38,68,69,39,30,21,5,12
2223,2022/2023,Ligue 1,5,Lille,38,67,65,44,21,19,10,9
2223,2022/2023,Ligue 1,6,Monaco,38,65,70,58,12,19,8,11
2223,2022/2023,Ligue 1,7,Lyon,38,62,65,47,18,18,8,12
2223,2022/2023,Ligue 1,8,Clermont,38,59,45,49,-4,17,8,13
2223,2022/2023,Ligue 1,9,Nice,38,58,48,37,11,15,13,10
2223,2022/2023,Ligue 1,10,Lorient,38,55,52,53,-1,15,10,13
2223,2022/2023,Ligue 1,11,Reims,38,51,45,45,0,12,15,11
2223,2022/2023,Ligue 1,12,Montpellier,38,50,65,62,3,15,5,18
2223,2022/2023,Ligue 1,13,Toulouse,38,48,51,57,-6,13,9,16
2223,2022/2023,Ligue 1,14,Brest,38,44,44,54,-10,11,11,16
2223,2022/2023,Ligue 1,15,Strasbourg,38,40,51,59,-8,9,13,16
2223,2022/2023,Ligue 1,16,Nantes,38,36,37,55,-18,7,15,16
2223,2022/2023,Ligue 1,17,Auxerre,38,35,35,63,-28,8,11,19
2223,2022/2023,Ligue 1,18,Ajaccio,38,26,23,74,-51,7,5,26
2223,2022/2023,Ligue 1,19,Troyes,38,24,45,81,-36,4,12,22
2223,2022/2023,Ligue 1,20,Angers,38,18,33,81,-48,4,6,28
2223,2022/2023,Premier League,1,Man City,38,89,94,33,61,28,5,5
2223,2022/2023,Premier League,2,Arsenal,38,84,88,43,45,26,6,6
2223,2022/2023,Premier League,3,Man United,38,75,58,43,15,23,6,9
2223,2022/2023,Premier League,4,Newcastle,38,71,68,33,35,19,14,5
2223,2022/2023,Premier League,5,Liverpool,38,67,75,47,28,19,10,9
2223,2022/2023,Premier League,6,Brighton,38,62,72,53,19,18,8,12
2223,2022/2023,Premier League,7,Aston Villa,38,61,51,46,5,18,7,13
2223,2022/2023,Premier League,8,Tottenham,38,60,70,63,7,18,6,14
2223,2022/2023,Premier League,9,Brentford,38,59,58,46,12,15,14,9
2223,2022/2023,Premier League,10,Fulham,38,52,55,53,2,15,7,16
2223,2022/2023,Premier League,11,Crystal Palace,38,45,40,49,-9,11,12,15
2223,2022/2023,Premier League,12,Chelsea,38,44,38,47,-9,11,11,16
2223,2022/2023,Premier League,13,Wolves,38,41,31,58,-27,11,8,19
2223,2022/2023,Premier League,14,West Ham,38,40,42,55,-13,11,7,20
2223,2022/2023,Premier League,15,Bournemouth,38,39,37,71,-34,11,6,21
2223,2022/2023,Premier League,16,Nott'm Forest,38,38,38,68,-30,9,11,18
2223,2022/2023,Premier League,17,Everton,38,36,34,57,-23,8,12,18
2223,2022/2023,Premier League,18,Leicester,38,34,51,68,-17,9,7,22
2223,2022/2023,Premier League,19,Leeds,38,31,48,78,-30,7,10,21
2223,2022/2023,Premier League,20,Southampton,38,25,36,73,-37,6,7,25
2223,2022/2023,Serie A,1,Napoli,38,90,77,28,49,28,6,4
2223,2022/2023,Serie A,2,Lazio,38,74,60,30,30,22,8,8
2223,2022/2023,Serie A,3,Inter,38,72,71,42,29,23,3,12
2223,2022/2023,Serie A,4,Juventus,38,72,56,33,23,22,6,10
2223,2022/2023,Serie A,5,Milan,38,70,64,43,21,20,10,8
2223,2022/2023,Serie A,6,Atalanta,38,64,66,48,18,19,7,12
2223,2022/2023,Serie A,7,Roma,38,63,50,38,12,18,9,11
2223,2022/2023,Serie A,8,Fiorentina,38,56,53,43,10,15,11,12
2223,2022/2023,Serie A,9,Bologna,38,54,53,49,4,14,12,12
2223,2022/2023,Serie A,10,Torino,38,53,42,41,1,14,11,13
2223,2022/2023,Serie A,11,Monza,38,52,48,52,-4,14,10,14
2223,2022/2023,Serie A,12,Udinese,38,46,47,48,-1,11,13,14
2223,2022/2023,Serie A,13,Sassuolo,38,45,47,61,-14,12,9,17
2223,2022/2023,Serie A,14,Empoli,38,43,37,49,-12,10,13,15
2223,2022/2023,Serie A,15,Salernitana,38,42,48,62,-14,9,15,14
2223,2022/2023,Serie A,16,Lecce,38,36,33,46,-13,8,12,18
2223,2022/2023,Serie A,17,Verona,38,31,31,59,-28,7,10,21
2223,2022/2023,Serie A,18,Spezia,38,31,31,62,-31,6,13,19
2223,2022/2023,Serie A,19,Cremonese,38,27,36,69,-33,5,12,21
2223,2022/2023,Serie A,20,Sampdoria,38,19,24,71,-47,3,10,25
2324,2023/2024,Bundesliga,1,Leverkusen,34,90,89,24,65,28,6,0
2324,2023/2024,Bundesliga,2,Stuttgart,34,73,78,39,39,23,4,7
2324,2023/2024,Bundesliga,3,Bayern Munich,34,72,94,45,49,23,3,8
2324,2023/2024,Bundesliga,4,RB Leipzig,34,65,77,39,38,19,8,7
2324,2023/2024,Bundesliga,5,Dortmund,34,63,68,43,25,18,9,7
2324,2023/2024,Bundesliga,6,Ein Frankfurt,34,47,51,50,1,11,14,9
2324,2023/2024,Bundesliga,7,Hoffenheim,34,46,66,66,0,13,7,14
2324,2023/2024,Bundesliga,8,Heidenheim,34,42,50,55,-5,10,12,12
2324,2023/2024,Bundesliga,9,Werder Bremen,34,42,48,54,-6,11,9,14
2324,2023/2024,Bundesliga,10,Freiburg,34,42,45,58,-13,11,9,14
2324,2023/2024,Bundesliga,11,Augsburg,34,39,50,60,-10,10,9,15
2324,2023/2024,Bundesliga,12,Wolfsburg,34,37,41,56,-15,10,7,17
2324,2023/2024,Bundesliga,13,Mainz,34,35,39,51,-12,7,14,13
2324,2023/2024,Bundesliga,14,M'gladbach,34,34,56,67,-11,7,13,14
2324,2023/2024,Bundesliga,15,Union Berlin,34,33,33,58,-25,9,6,19
2324,2023/2024,Bundesliga,16,Bochum,34,33,42,74,-32,7,12,15
2324,2023/2024,Bundesliga,17,FC Koln,34,27,28,60,-32,5,12,17
2324,2023/2024,Bundesliga,18,Darmstadt,34,17,30,86,-56,3,8,23
2324,2023/2024,La Liga,1,Real Madrid,38,95,87,26,61,29,8,1
2324,2023/2024,La Liga,2,Barcelona,38,85,79,44,35,26,7,5
2324,2023/2024,La Liga,3,Girona,38,81,85,46,39,25,6,7
2324,2023/2024,La Liga,4,Ath Madrid,38,76,70,43,27,24,4,10
2324,2023/2024,La Liga,5,Ath Bilbao,38,68,61,37,24,19,11,8
2324,2023/2024,La Liga,6,Sociedad,38,60,51,39,12,16,12,10
2324,2023/2024,La Liga,7,Betis,38,57,48,45,3,14,15,9
2324,2023/2024,La Liga,8,Villarreal,38,53,65,65,0,14,11,13
2324,2023/2024,La Liga,9,Valencia,38,49,40,45,-5,13,10,15
2324,2023/2024,La Liga,10,Alaves,38,46,36,46,-10,12,10,16
2324,2023/2024,La Liga,11,Osasuna,38,45,45,56,-11,12,9,17
2324,2023/2024,La Liga,12,Getafe,38,43,42,54,-12,10,13,15
2324,2023/2024,La Liga,13,Sevilla,38,41,48,54,-6,10,11,17
2324,2023/2024,La Liga,14,Celta,38,41,46,57,-11,10,11,17
2324,2023/2024,La Liga,15,Mallorca,38,40,33,44,-11,8,16,14
2324,2023/2024,La Liga,16,Las Palmas,38,40,33,47,-14,10,10,18
2324,2023/2024,La Liga,17,Vallecano,38,38,29,48,-19,8,14,16
2324,2023/2024,La Liga,18,Cadiz,38,33,26,55,-29,6,15,17
2324,2023/2024,La Liga,19,Almeria,38,21,43,75,-32,3,12,23
2324,2023/2024,La Liga,20,Granada,38,21,38,79,-41,4,9,25
2324,2023/2024,Ligue 1,1,Paris SG,34,76,81,33,48,22,10,2
2324,2023/2024,Ligue 1,2,Monaco,34,67,68,42,26,20,7,7
2324,2023/2024,Ligue 1,3,Brest,34,61,53,34,19,17,10,7
2324,2023/2024,Ligue 1,4,Lille,34,59,52,34,18,16,11,7
2324,2023/2024,Ligue 1,5,Nice,34,55,40,29,11,15,10,9
2324,2023/2024,Ligue 1,6,Lyon,34,53,49,55,-6,16,5,13
2324,2023/2024,Ligue 1,7,Lens,34,51,45,37,8,14,9,11
2324,2023/2024,Ligue 1,8,Marseille,34,50,52,41,11,13,11,10
2324,2023/2024,Ligue 1,9,Reims,34,47,42,47,-5,13,8,13
2324,2023/2024,Ligue 1,10,Rennes,34,46,53,46,7,12,10,12
2324,2023/2024,Ligue 1,11,Toulouse,34,43,42,46,-4,11,10,13
2324,2023/2024,Ligue 1,12,Montpellier,34,42,43,48,-5,10,12,12
2324,2023/2024,Ligue 1,13,Strasbourg,34,39,38,50,-12,10,9,15
2324,2023/2024,Ligue 1,14,Nantes,34,33,30,55,-25,9,6,19
2324,2023/2024,Ligue 1,15,Le Havre,34,32,34,45,-11,7,11,16
2324,2023/2024,Ligue 1,16,Lorient,34,29,43,66,-23,7,8,19
2324,2023/2024,Ligue 1,17,Metz,34,29,35,58,-23,8,5,21
2324,2023/2024,Ligue 1,18,Clermont,34,25,26,60,-34,5,10,19
2324,2023/2024,Premier League,1,Man City,38,91,96,34,62,28,7,3
2324,2023/2024,Premier League,2,Arsenal,38,89,91,29,62,28,5,5
2324,2023/2024,Premier League,3,Liverpool,38,82,86,41,45,24,10,4
2324,2023/2024,Premier League,4,Aston Villa,38,68,76,61,15,20,8,10
2324,2023/2024,Premier League,5,Tottenham,38,66,74,61,13,20,6,12
2324,2023/2024,Premier League,6,Chelsea,38,63,77,63,14,18,9,11
2324,2023/2024,Premier League,7,Newcastle,38,60,85,62,23,18,6,14
2324,2023/2024,Premier League,8,Man United,38,60,57,58,-1,18,6,14
2324,2023/2024,Premier League,9,West Ham,38,52,60,74,-14,14,10,14
2324,2023/2024,Premier League,10,Crystal Palace,38,49,57,58,-1,13,10,15
2324,2023/2024,Premier League,11,Brighton,38,48,55,62,-7,12,12,14
2324,2023/2024,Premier League,12,Everton,38,48,40,51,-11,13,9,16
2324,2023/2024,Premier League,13,Bournemouth,38,48,54,67,-13,13,9,16
2324,2023/2024,Premier League,14,Fulham,38,47,55,61,-6,13,8,17
2324,2023/2024,Premier League,15,Wolves,38,46,50,65,-15,13,7,18
2324,2023/2024,Premier League,16,Brentford,38,39,56,65,-9,10,9,19
2324,2023/2024,Premier League,17,Nott'm Forest,38,36,49,67,-18,9,9,20
2324,2023/2024,Premier League,18,Luton,38,26,52,85,-33,6,8,24
2324,2023/2024,Premier League,19,Burnley,38,24,41,78,-37,5,9,24
2324,2023/2024,Premier League,20,Sheffield United,38,16,35,104,-69,3,7,28
2324,2023/2024,Serie A,1,Inter,38,94,89,22,67,29,7,2
2324,2023/2024,Serie A,2,Milan,38,75,76,49,27,22,9,7
2324,2023/2024,Serie A,3,Juventus,38,71,54,31,23,19,14,5
2324,2023/2024,Serie A,4,Atalanta,38,69,72,42,30,21,6,11
2324,2023/2024,Serie A,5,Bologna,38,68,54,32,22,18,14,6
2324,2023/2024,Serie A,6,Roma,38,63,65,46,19,18,9,11
2324,2023/2024,Serie A,7,Lazio,38,61,49,39,10,18,7,13
2324,2023/2024,Serie A,8,Fiorentina,38,60,61,46,15,17,9,12
2324,2023/2024,Serie A,9,Napoli,38,53,55,48,7,13,14,11
2324,2023/2024,Serie A,10,Torino,38,53,36,36,0,13,14,11
2324,2023/2024,Serie A,11,Genoa,38,49,45,45,0,12,13,13
2324,2023/2024,Serie A,12,Monza,38,45,39,51,-12,11,12,15
2324,2023/2024,Serie A,13,Verona,38,38,38,51,-13,9,11,18
2324,2023/2024,Serie A,14,Lecce,38,38,32,54,-22,8,14,16
2324,2023/2024,Serie A,15,Udinese,38,37,37,53,-16,6,19,13
2324,2023/2024,Serie A,16,Empoli,38,36,29,54,-25,9,9,20
2324,2023/2024,Serie A,17,Cagliari,38,36,42,68,-26,8,12,18
2324,2023/2024,Serie A,18,Frosinone,38,35,44,69,-25,8,11,19
2324,2023/2024,Serie A,19,Sassuolo,38,30,43,75,-32,7,9,22
2324,2023/2024,Serie A,20,Salernitana,38,17,32,81,-49,2,11,25
2425,2024/2025,Bundesliga,1,Bayern Munich,34,82,99,32,67,25,7,2
2425,2024/2025,Bundesliga,2,Leverkusen,34,69,72,43,29,19,12,3
2425,2024/2025,Bundesliga,3,Ein Frankfurt,34,60,68,46,22,17,9,8
2425,2024/2025,Bundesliga,4,Dortmund,34,57,71,51,20,17,6,11
2425,2024/2025,Bundesliga,5,Freiburg,34,55,49,53,-4,16,7,11
2425,2024/2025,Bundesliga,6,Mainz,34,52,55,43,12,14,10,10
2425,2024/2025,Bundesliga,7,RB Leipzig,34,51,53,48,5,13,12,9
2425,2024/2025,Bundesliga,8,Werder Bremen,34,51,54,57,-3,14,9,11
2425,2024/2025,Bundesliga,9,Stuttgart,34,50,64,53,11,14,8,12
2425,2024/2025,Bundesliga,10,M'gladbach,34,45,55,57,-2,13,6,15
2425,2024/2025,Bundesliga,11,Wolfsburg,34,43,56,54,2,11,10,13
2425,2024/2025,Bundesliga,12,Augsburg,34,43,35,51,-16,11,10,13
2425,2024/2025,Bundesliga,13,Union Berlin,33,40,35,49,-14,10,10,13
2425,2024/2025,Bundesliga,14,St Pauli,34,32,28,41,-13,8,8,18
2425,2024/2025,Bundesliga,15,Hoffenheim,34,32,46,68,-22,7,11,16
2425,2024/2025,Bundesliga,16,Heidenheim,34,29,37,64,-27,8,5,21
2425,2024/2025,Bundesliga,17,Holstein Kiel,34,25,49,80,-31,6,7,21
2425,2024/2025,Bundesliga,18,Bochum,33,22,31,67,-36,5,7,21
2425,2024/2025,La Liga,1,Barcelona,38,88,102,39,63,28,4,6
2425,2024/2025,La Liga,2,Real Madrid,38,84,78,38,40,26,6,6
2425,2024/2025,La Liga,3,Ath Madrid,38,76,68,30,38,22,10,6
2425,2024/2025,La Liga,4,Ath Bilbao,38,70,54,29,25,19,13,6
2425,2024/2025,La Liga,5,Villarreal,38,70,71,51,20,20,10,8
2425,2024/2025,La Liga,6,Betis,38,60,57,50,7,16,12,10
2425,2024/2025,La Liga,7,Celta,38,55,59,57,2,16,7,15
2425,2024/2025,La Liga,8,Osasuna,38,52,48,52,-4,12,16,10
2425,2024/2025,La Liga,9,Vallecano,38,52,41,45,-4,13,13,12
2425,2024/2025,La Liga,10,Mallorca,38,48,35,44,-9,13,9,16
2425,2024/2025,La Liga,11,Valencia,38,46,44,54,-10,11,13,14
2425,2024/2025,La Liga,12,Sociedad,38,46,35,46,-11,13,7,18
2425,2024/2025,La Liga,13,Getafe,38,42,34,39,-5,11,9,18
2425,2024/2025,La Liga,14,Alaves,38,42,38,48,-10,10,12,16
2425,2024/2025,La Liga,15,Espanol,38,42,40,51,-11,11,9,18
2425,2024/2025,La Liga,16,Sevilla,38,41,42,55,-13,10,11,17
2425,2024/2025,La Liga,17,Girona,38,41,44,60,-16,11,8,19
2425,2024/2025,La Liga,18,Leganes,38,40,39,56,-17,9,13,16
2425,2024/2025,La Liga,19,Las Palmas,38,32,40,61,-21,8,8,22
2425,2024/2025,La Liga,20,Valladolid,38,16,26,90,-64,4,4,30
2425,2024/2025,Ligue 1,1,Paris SG,34,84,92,35,57,26,6,2
2425,2024/2025,Ligue 1,2,Marseille,34,65,74,47,27,20,5,9
2425,2024/2025,Ligue 1,3,Monaco,34,61,63,41,22,18,7,9
2425,2024/2025,Ligue 1,4,Nice,34,60,66,41,25,17,9,8
2425,2024/2025,Ligue 1,5,Lille,34,60,52,36,16,17,9,8
2425,2024/2025,Ligue 1,6,Lyon,34,57,65,46,19,17,6,11
2425,2024/2025,Ligue 1,7,Strasbourg,34,57,56,44,12,16,9,9
2425,2024/2025,Ligue 1,8,Lens,34,52,42,39,3,15,7,12
2425,2024/2025,Ligue 1,9,Brest,34,50,52,59,-7,15,5,14
2425,2024/2025,Ligue 1,10,Toulouse,34,42,44,43,1,11,9,14
2425,2024/2025,Ligue 1,11,Auxerre,34,42,48,51,-3,11,9,14
2425,2024/2025,Ligue 1,12,Rennes,34,41,51,50,1,13,2,19
2425,2024/2025,Ligue 1,13,Nantes,34,36,39,52,-13,8,12,14
2425,2024/2025,Ligue 1,14,Angers,34,36,32,53,-21,10,6,18
2425,2024/2025,Ligue 1,15,Le Havre,34,34,40,71,-31,10,4,20
2425,2024/2025,Ligue 1,16,Reims,34,33,33,47,-14,8,9,17
2425,2024/2025,Ligue 1,17,St Etienne,34,30,39,77,-38,8,6,20
2425,2024/2025,Ligue 1,18,Montpellier,34,16,23,79,-56,4,4,26
2425,2024/2025,Premier League,1,Liverpool,38,84,86,41,45,25,9,4
2425,2024/2025,Premier League,2,Arsenal,38,74,69,34,35,20,14,4
2425,2024/2025,Premier League,3,Man City,38,71,72,44,28,21,8,9
2425,2024/2025,Premier League,4,Chelsea,38,69,64,43,21,20,9,9
2425,2024/2025,Premier League,5,Newcastle,38,66,68,47,21,20,6,12
2425,2024/2025,Premier League,6,Aston Villa,38,66,58,51,7,19,9,10
2425,2024/2025,Premier League,7,Nott'm Forest,38,65,58,46,12,19,8,11
2425,2024/2025,Premier League,8,Brighton,38,61,66,59,7,16,13,9
2425,2024/2025,Premier League,9,Bournemouth,38,56,58,46,12,15,11,12
2425,2024/2025,Premier League,10,Brentford,38,56,66,57,9,16,8,14
2425,2024/2025,Premier League,11,Fulham,38,54,54,54,0,15,9,14
2425,2024/2025,Premier League,12,Crystal Palace,38,53,51,51,0,13,14,11
2425,2024/2025,Premier League,13,Everton,38,48,42,44,-2,11,15,12
2425,2024/2025,Premier League,14,West Ham,38,43,46,62,-16,11,10,17
2425,2024/2025,Premier League,15,Man United,38,42,44,54,-10,11,9,18
2425,2024/2025,Premier League,16,Wolves,38,42,54,69,-15,12,6,20
2425,2024/2025,Premier League,17,Tottenham,38,38,64,65,-1,11,5,22
2425,2024/2025,Premier League,18,Leicester,38,25,33,80,-47,6,7,25
2425,2024/2025,Premier League,19,Ipswich,38,22,36,82,-46,4,10,24
2425,2024/2025,Premier League,20,Southampton,38,12,26,86,-60,2,6,30
2425,2024/2025,Serie A,1,Napoli,38,82,59,27,32,24,10,4
2425,2024/2025,Serie A,2,Inter,38,81,79,35,44,24,9,5
2425,2024/2025,Serie A,3,Atalanta,38,74,78,37,41,22,8,8
2425,2024/2025,Serie A,4,Juventus,38,70,58,35,23,18,16,4
2425,2024/2025,Serie A,5,Roma,38,69,56,35,21,20,9,9
2425,2024/2025,Serie A,6,Fiorentina,38,65,60,41,19,19,8,11
2425,2024/2025,Serie A,7,Lazio,38,65,61,49,12,18,11,9
2425,2024/2025,Serie A,8,Milan,38,63,61,43,18,18,9,11
2425,2024/2025,Serie A,9,Bologna,38,62,57,47,10,16,14,8
2425,2024/2025,Serie A,10,Como,38,49,49,52,-3,13,10,15
2425,2024/2025,Serie A,11,Torino,38,44,39,45,-6,10,14,14
2425,2024/2025,Serie A,12,Udinese,38,44,41,56,-15,12,8,18
2425,2024/2025,Serie A,13,Genoa,38,43,37,49,-12,10,13,15
2425,2024/2025,Serie A,14,Verona,38,37,34,66,-32,10,7,21
2425,2024/2025,Serie A,15,Parma,38,36,44,58,-14,7,15,16
2425,2024/2025,Serie A,16,Cagliari,38,36,40,56,-16,9,9,20
2425,2024/2025,Serie A,17,Lecce,38,34,27,58,-31,8,10,20
2425,2024/2025,Serie A,18,Empoli,38,31,33,59,-26,6,13,19
2425,2024/2025,Serie A,19,Venezia,38,29,32,56,-24,5,14,19
2425,2024/2025,Serie A,20,Monza,38,18,28,69,-41,3,9,26
